bean_id,acidity,body,sweetness,bitterness,aroma,flavor,aftertaste,total_score,roast_level,flavor_tags,data_source,confidence_score
1.0,8,8,7,3,9,9,8,92,LIGHT,"[80103, 80401, 90101, 70103, 70201]",EXTERNAL_CSV,0.9
2.0,9,9,7,3,9,9,9,95,LIGHT,"[10402, 80103, 20105, 10101, 70202]",EXTERNAL_CSV,0.9
3.0,8,9,7,3,8,8,7,90,LIGHT,"[70201, 70101, 80103]",EXTERNAL_CSV,0.9
4.0,9,8,7,2,9,9,8,93,LIGHT,"[10403, 80104, 20105, 70103, 90201]",EXTERNAL_CSV,0.9
5.0,8,8,7,2,8,9,8,91,LIGHT,"[10403, 80102, 20105, 60304, 10202]",EXTERNAL_CSV,0.9
6.0,8,9,7,4,8,9,8,92,LIGHT,"[70201, 70202, 902, 80103]",EXTERNAL_CSV,0.9
7.0,9,9,6,3,9,9,8,94,LIGHT,"[10402, 10403, 20105, 70102, 70201]",EXTERNAL_CSV,0.9
8.0,9,9,6,3,9,9,9,95,LIGHT,"[10401, 20105, 90202, 70201]",EXTERNAL_CSV,0.9
9.0,9,8,7,3,8,9,7,91,LIGHT,"[10304, 80103, 40104, 20105, 70201, 90202]",EXTERNAL_CSV,0.9
10.0,8,9,6,3,8,9,8,92,LIGHT,"[10404, 20105, 70103, 70201, 10302]",EXTERNAL_CSV,0.9
11.0,8,8,7,4,8,9,8,91,LIGHT,"[902, 80104, 40201, 70201, 701]",EXTERNAL_CSV,0.9
12.0,8,9,7,2,9,9,8,93,LIGHT,"[80104, 20105, 90201, 70103]",EXTERNAL_CSV,0.9
13.0,8,8,7,3,8,8,8,90,LIGHT,"[10308, 80104, 401, 70202, 701]",EXTERNAL_CSV,0.9
14.0,8,9,6,3,8,9,7,91,LIGHT,"[70201, 902, 70103]",EXTERNAL_CSV,0.9
15.0,9,9,6,3,9,9,8,94,LIGHT,"[90202, 20105, 10101, 10103, 70202]",EXTERNAL_CSV,0.9
16.0,8,8,6,6,8,9,8,91,MEDIUM,"[10307, 80103, 40104, 70102, 70202]",EXTERNAL_CSV,0.9
17.0,8,8,7,3,9,9,8,92,LIGHT,"[80103, 70201, 50101, 70103, 90201]",EXTERNAL_CSV,0.9
18.0,9,9,8,3,9,9,8,94,LIGHT,"[10304, 20101, 80103, 80104, 70202]",EXTERNAL_CSV,0.9
19.0,9,9,6,2,9,9,8,94,LIGHT,"[20103, 40104, 20105, 90203, 10302]",EXTERNAL_CSV,0.9
20.0,8,9,7,3,9,9,8,93,LIGHT,"[80103, 20105, 20203, 60301, 70201]",EXTERNAL_CSV,0.9
21.0,9,9,7,3,9,9,8,94,LIGHT,"[10402, 80104, 20105, 70201, 10302]",EXTERNAL_CSV,0.9
22.0,8,8,6,2,9,9,8,92,LIGHT,"[10308, 20101, 20105, 90201, 702]",EXTERNAL_CSV,0.9
23.0,8,8,5,7,8,9,8,91,MEDIUM,"[40104, 70103, 10201, 70202, 50303]",EXTERNAL_CSV,0.9
24.0,9,9,6,3,9,10,9,96,LIGHT,"[10401, 20105, 70201, 70102, 90201]",EXTERNAL_CSV,0.9
25.0,9,9,6,2,9,9,8,94,LIGHT,"[20105, 60302, 10104, 90201, 10202]",EXTERNAL_CSV,0.9
26.0,9,8,6,3,9,9,8,93,LIGHT,"[40104, 20105, 70103, 70201, 90203]",EXTERNAL_CSV,0.9
27.0,9,9,6,3,9,9,8,94,LIGHT,"[10401, 10402, 10404, 40108, 70201]",EXTERNAL_CSV,0.9
28.0,9,9,6,2,9,9,9,95,LIGHT,"[20101, 20105, 80401, 10102, 10201]",EXTERNAL_CSV,0.9
29.0,9,9,6,2,9,9,8,94,LIGHT,"[20201, 20105, 10103, 90201, 10302]",EXTERNAL_CSV,0.9
30.0,8,8,6,3,8,8,8,90,LIGHT,"[90201, 10202, 70101, 70201]",EXTERNAL_CSV,0.9
31.0,9,9,6,2,9,9,9,95,LIGHT,"[30305, 10403, 20105, 10102, 90201]",EXTERNAL_CSV,0.9
32.0,9,9,6,3,9,9,9,95,LIGHT,"[10305, 10401, 20105, 20201, 70201]",EXTERNAL_CSV,0.9
33.0,8,9,7,3,9,9,8,93,LIGHT,"[80101, 20105, 70201, 10202, 90203]",EXTERNAL_CSV,0.9
34.0,8,8,6,7,9,9,7,91,MEDIUM,"[80102, 40104, 70202, 10302, 50303]",EXTERNAL_CSV,0.9
35.0,8,9,7,3,8,9,8,92,LIGHT,"[70201, 80103, 20201, 70103]",EXTERNAL_CSV,0.9
36.0,9,9,6,3,9,9,8,94,LIGHT,"[20105, 70202, 10403, 10102]",EXTERNAL_CSV,0.9
37.0,8,9,8,2,9,9,8,93,LIGHT,"[20101, 80102, 80104, 20105, 70102]",EXTERNAL_CSV,0.9
38.0,9,8,7,4,9,9,8,93,LIGHT,"[902, 80103, 70202, 70201, 10202]",EXTERNAL_CSV,0.9
39.0,9,9,6,3,9,9,8,94,LIGHT,"[10305, 20105, 40202, 60301, 70202]",EXTERNAL_CSV,0.9
40.0,8,8,7,2,9,9,8,92,LIGHT,"[10401, 10307, 80101, 70102]",EXTERNAL_CSV,0.9
41.0,9,9,8,3,9,10,9,96,LIGHT,"[70201, 80103, 20201, 801]",EXTERNAL_CSV,0.9
42.0,8,8,6,2,9,9,8,92,LIGHT,"[10403, 104, 20105, 10104, 90202]",EXTERNAL_CSV,0.9
43.0,8,8,7,2,9,9,8,92,LIGHT,"[80104, 20201, 20203, 10301, 10303]",EXTERNAL_CSV,0.9
44.0,8,9,7,3,9,9,8,93,LIGHT,"[70201, 10305, 80103, 60303]",EXTERNAL_CSV,0.9
45.0,7,9,3,10,8,9,7,90,HEAVY,"[40104, 40201, 40107, 80301, 80401, 10201, 70202]",EXTERNAL_CSV,0.9
46.0,8,9,7,4,9,9,8,93,LIGHT,"[10307, 40104, 80104, 60302, 70201, 70202]",EXTERNAL_CSV,0.9
47.0,8,9,7,3,9,9,8,93,LIGHT,"[20105, 80103, 10101, 70201]",EXTERNAL_CSV,0.9
48.0,8,9,8,2,9,9,8,93,LIGHT,"[10304, 80101, 80103, 70103, 90201]",EXTERNAL_CSV,0.9
49.0,9,9,7,3,9,9,9,95,LIGHT,"[10304, 803, 20103, 20201, 20105, 70202]",EXTERNAL_CSV,0.9
50.0,9,8,7,3,9,9,8,93,LIGHT,"[80104, 70201, 10102, 90201]",EXTERNAL_CSV,0.9
51.0,8,8,6,3,8,9,8,91,LIGHT,"[90201, 10404, 40104, 60303, 70201]",EXTERNAL_CSV,0.9
52.0,8,9,7,2,9,9,8,93,LIGHT,"[30305, 80104, 20105, 90202, 90203]",EXTERNAL_CSV,0.9
53.0,8,9,7,2,9,9,8,93,LIGHT,"[30305, 20105, 80103, 10103]",EXTERNAL_CSV,0.9
54.0,8,9,6,3,9,9,8,93,LIGHT,"[30305, 20105, 80401, 70202, 10202]",EXTERNAL_CSV,0.9
55.0,9,8,7,3,9,9,8,93,LIGHT,"[80103, 20105, 90201, 70202, 10303]",EXTERNAL_CSV,0.9
56.0,8,8,6,2,9,9,9,93,LIGHT,"[10402, 20105, 70102, 90201, 90202]",EXTERNAL_CSV,0.9
57.0,8,8,6,2,8,9,7,90,LIGHT,"[40104, 20105, 10402, 10303]",EXTERNAL_CSV,0.9
58.0,9,9,6,3,9,10,9,96,LIGHT,"[70201, 20105, 10303]",EXTERNAL_CSV,0.9
59.0,9,8,7,3,9,9,8,93,LIGHT,"[80104, 20105, 70201, 70102, 90201]",EXTERNAL_CSV,0.9
60.0,9,9,8,3,9,9,8,94,LIGHT,"[80103, 80104, 20105, 60304, 90201, 70202]",EXTERNAL_CSV,0.9
61.0,8,8,9,2,9,9,8,92,LIGHT,"[801, 10402, 80101, 80104, 70102, 90102]",EXTERNAL_CSV,0.9
62.0,9,9,7,4,9,9,8,94,LIGHT,"[10403, 80103, 60303, 70201, 70202]",EXTERNAL_CSV,0.9
63.0,9,9,6,2,9,9,9,95,LIGHT,"[10304, 20103, 104, 20105, 10301]",EXTERNAL_CSV,0.9
64.0,8,8,7,2,9,9,8,92,LIGHT,"[30305, 20105, 80103, 10303]",EXTERNAL_CSV,0.9
65.0,9,9,6,3,9,9,9,95,LIGHT,"[20105, 10101, 70102, 10201, 70202]",EXTERNAL_CSV,0.9
66.0,9,9,7,2,9,9,9,95,LIGHT,"[30305, 10403, 80102, 104, 90203]",EXTERNAL_CSV,0.9
67.0,9,9,6,3,9,9,9,95,LIGHT,"[20105, 602, 70103, 70201, 10202]",EXTERNAL_CSV,0.9
68.0,8,9,7,3,9,9,8,93,LIGHT,"[80104, 70202, 40104, 10103]",EXTERNAL_CSV,0.9
69.0,9,9,6,3,9,9,9,95,LIGHT,"[10403, 20105, 20201, 70201, 10302]",EXTERNAL_CSV,0.9
70.0,9,9,7,2,9,9,8,94,LIGHT,"[10304, 20105, 10403, 80101]",EXTERNAL_CSV,0.9
71.0,9,9,7,3,9,9,9,95,LIGHT,"[80103, 20105, 10101, 70103, 70201]",EXTERNAL_CSV,0.9
72.0,8,8,6,3,9,9,9,93,LIGHT,"[10304, 902, 20103, 20105, 70202]",EXTERNAL_CSV,0.9
73.0,9,9,7,2,9,9,9,95,LIGHT,"[80104, 20201, 10101, 10104, 90203]",EXTERNAL_CSV,0.9
74.0,8,9,7,3,8,9,8,92,LIGHT,"[803, 10403, 70201, 70103, 90201]",EXTERNAL_CSV,0.9
75.0,9,9,7,3,9,9,8,94,LIGHT,"[30305, 80104, 20105, 70201, 90203]",EXTERNAL_CSV,0.9
76.0,8,9,5,7,8,9,8,92,MEDIUM,"[40104, 40107, 10102, 70202, 50303]",EXTERNAL_CSV,0.9
77.0,8,8,7,2,9,9,8,92,LIGHT,"[50401, 10306, 10404, 80103, 20105, 70102, 70103, 90201]",EXTERNAL_CSV,0.9
78.0,9,8,6,2,9,9,8,93,LIGHT,"[20105, 10403, 70103]",EXTERNAL_CSV,0.9
79.0,9,9,6,3,9,9,8,94,LIGHT,"[10601, 20105, 70103, 10201, 70202]",EXTERNAL_CSV,0.9
80.0,9,9,6,6,9,9,8,94,MEDIUM,"[80101, 20101, 10103, 70202, 10205]",EXTERNAL_CSV,0.9
81.0,8,8,7,3,9,9,8,92,LIGHT,"[80104, 20105, 70201, 90202, 10303]",EXTERNAL_CSV,0.9
82.0,8,9,6,2,8,9,8,92,LIGHT,"[20105, 10402, 90202, 10101]",EXTERNAL_CSV,0.9
83.0,9,9,8,3,9,9,8,94,LIGHT,"[80101, 80102, 20105, 70202, 10303]",EXTERNAL_CSV,0.9
84.0,9,9,6,3,9,9,8,94,LIGHT,"[902, 20103, 20104, 70202, 10303]",EXTERNAL_CSV,0.9
85.0,9,9,7,3,9,9,8,94,LIGHT,"[10402, 10403, 80102, 20105, 70201]",EXTERNAL_CSV,0.9
86.0,9,8,7,2,9,9,9,94,LIGHT,"[10403, 80102, 20105, 90202, 10303]",EXTERNAL_CSV,0.9
87.0,8,9,7,3,8,9,8,92,LIGHT,"[80104, 10201, 70202]",EXTERNAL_CSV,0.9
88.0,9,9,6,3,9,9,9,95,LIGHT,"[10401, 10101, 70103, 70201, 90203]",EXTERNAL_CSV,0.9
89.0,8,9,7,3,9,9,8,93,LIGHT,"[801, 20105, 70102, 10103, 70201]",EXTERNAL_CSV,0.9
90.0,9,8,5,6,9,9,8,93,MEDIUM,"[902, 20105, 201, 70202, 10301]",EXTERNAL_CSV,0.9
91.0,8,9,7,2,9,9,8,93,LIGHT,"[10401, 30305, 80103, 10101, 10201]",EXTERNAL_CSV,0.9
92.0,8,8,8,3,9,9,8,92,LIGHT,"[80103, 80104, 20105, 70103, 70202]",EXTERNAL_CSV,0.9
93.0,8,8,8,2,9,9,8,92,LIGHT,"[80101, 80103, 20105, 70103, 90202]",EXTERNAL_CSV,0.9
94.0,9,9,6,3,9,9,8,94,LIGHT,"[10401, 20105, 70102, 70202, 90203]",EXTERNAL_CSV,0.9
95.0,8,8,6,3,9,9,8,92,LIGHT,"[20105, 10404, 70201]",EXTERNAL_CSV,0.9
96.0,9,9,6,3,9,9,8,94,LIGHT,"[70201, 20105, 90203, 10102]",EXTERNAL_CSV,0.9
97.0,9,9,6,4,9,9,8,94,LIGHT,"[10404, 60101, 90103, 70201, 70202]",EXTERNAL_CSV,0.9
98.0,8,8,6,6,8,9,8,91,MEDIUM,"[10402, 802, 20105, 70102, 70201]",EXTERNAL_CSV,0.9
99.0,8,8,6,3,9,9,8,92,LIGHT,"[10401, 20105, 70202, 70103, 10202]",EXTERNAL_CSV,0.9
100.0,9,9,7,2,9,9,8,94,LIGHT,"[104, 80104, 70103, 90203, 10301]",EXTERNAL_CSV,0.9
101.0,9,9,6,3,9,9,9,95,LIGHT,"[10401, 20105, 10101, 70201, 90203]",EXTERNAL_CSV,0.9
102.0,9,9,6,2,9,9,8,94,LIGHT,"[10304, 20101, 20105, 70103, 90201]",EXTERNAL_CSV,0.9
103.0,9,9,7,3,9,9,8,94,LIGHT,"[10404, 80104, 20201, 10103, 70201]",EXTERNAL_CSV,0.9
104.0,9,8,7,3,9,9,8,93,LIGHT,"[10104, 70201, 10403, 80103]",EXTERNAL_CSV,0.9
105.0,8,9,8,3,8,8,8,91,LIGHT,"[80104, 70201, 70102, 80103]",EXTERNAL_CSV,0.9
106.0,8,9,6,3,9,9,8,93,LIGHT,"[10402, 902, 20105, 70103, 70201]",EXTERNAL_CSV,0.9
107.0,8,8,7,3,8,8,8,90,LIGHT,"[801, 70102, 10104, 70201, 90203]",EXTERNAL_CSV,0.9
108.0,8,9,8,3,9,9,8,93,LIGHT,"[80104, 70202, 40104, 80103]",EXTERNAL_CSV,0.9
109.0,8,9,7,3,9,9,8,93,LIGHT,"[10402, 20101, 80104, 20105, 70201]",EXTERNAL_CSV,0.9
110.0,9,8,6,3,9,9,8,93,LIGHT,"[10403, 20105, 10103, 70103, 70201]",EXTERNAL_CSV,0.9
111.0,8,9,6,3,9,9,8,93,LIGHT,"[90201, 70202, 70103, 10202]",EXTERNAL_CSV,0.9
112.0,8,8,6,3,9,9,8,92,LIGHT,"[30305, 10402, 70202, 70103, 10202]",EXTERNAL_CSV,0.9
113.0,8,8,7,3,9,9,8,92,LIGHT,"[80103, 70201, 70102, 90201, 10201]",EXTERNAL_CSV,0.9
114.0,9,8,8,3,9,9,8,93,LIGHT,"[80101, 80103, 60302, 70101, 70201]",EXTERNAL_CSV,0.9
115.0,9,9,6,3,9,9,9,95,LIGHT,"[10401, 10402, 70201, 10201, 90202]",EXTERNAL_CSV,0.9
116.0,8,8,6,5,8,9,8,91,MEDIUM,"[80104, 10201, 20105, 70102]",EXTERNAL_CSV,0.9
117.0,9,8,6,3,9,9,8,93,LIGHT,"[20105, 301, 10101, 70201, 90203]",EXTERNAL_CSV,0.9
118.0,9,9,7,2,9,9,8,94,LIGHT,"[80103, 20203, 70103, 10104, 90201]",EXTERNAL_CSV,0.9
119.0,8,9,6,3,9,9,8,93,LIGHT,"[20105, 90202, 10403, 502]",EXTERNAL_CSV,0.9
120.0,8,8,6,6,9,9,8,92,MEDIUM,"[801, 20105, 70102, 70201, 90202]",EXTERNAL_CSV,0.9
121.0,9,9,6,3,9,9,9,95,LIGHT,"[20105, 70103, 70202, 10303]",EXTERNAL_CSV,0.9
122.0,9,9,7,3,9,9,8,94,LIGHT,"[10402, 80104, 70201, 10202, 90203]",EXTERNAL_CSV,0.9
123.0,8,9,6,3,9,8,7,91,LIGHT,"[20101, 40102, 20105, 40202, 70102, 70201]",EXTERNAL_CSV,0.9
124.0,9,8,7,3,9,9,8,93,LIGHT,"[10401, 80104, 20105, 70102, 70201]",EXTERNAL_CSV,0.9
125.0,9,9,7,2,9,9,8,94,LIGHT,"[30305, 10403, 80102, 20105, 10104]",EXTERNAL_CSV,0.9
126.0,9,8,6,2,9,9,8,93,LIGHT,"[10402, 20105, 60303, 90201, 10303]",EXTERNAL_CSV,0.9
127.0,9,8,8,2,9,9,8,93,LIGHT,"[801, 10403, 80101, 10101, 70103]",EXTERNAL_CSV,0.9
128.0,9,8,7,2,9,9,8,93,LIGHT,"[10308, 80102, 20105, 90202, 702]",EXTERNAL_CSV,0.9
129.0,9,9,7,3,9,9,8,94,LIGHT,"[80101, 10408, 20105, 70103, 70201]",EXTERNAL_CSV,0.9
130.0,8,8,7,3,8,8,8,90,LIGHT,"[10305, 20101, 80102, 20105, 70202]",EXTERNAL_CSV,0.9
131.0,9,8,6,2,9,9,8,93,LIGHT,"[10403, 40104, 20105, 70103, 10202]",EXTERNAL_CSV,0.9
132.0,8,9,7,3,9,8,7,91,LIGHT,"[10402, 80103, 70102, 70201, 90202]",EXTERNAL_CSV,0.9
133.0,8,8,6,2,9,9,8,92,LIGHT,"[10401, 20101, 40104, 70101, 90202]",EXTERNAL_CSV,0.9
134.0,8,8,6,2,8,9,8,91,LIGHT,"[30305, 10403, 20105, 70101, 70102]",EXTERNAL_CSV,0.9
135.0,8,8,7,3,9,9,7,91,LIGHT,"[10402, 80104, 20105, 70101, 70201]",EXTERNAL_CSV,0.9
136.0,9,9,7,3,9,9,9,95,LIGHT,"[70201, 20105, 80103, 10303]",EXTERNAL_CSV,0.9
137.0,9,8,7,3,9,9,8,93,LIGHT,"[10401, 10307, 80104, 70201, 90201]",EXTERNAL_CSV,0.9
138.0,8,8,7,3,9,9,8,92,LIGHT,"[804, 902, 20203, 10104, 70202]",EXTERNAL_CSV,0.9
139.0,8,8,7,2,9,9,8,92,LIGHT,"[20101, 80103]",EXTERNAL_CSV,0.9
140.0,9,9,6,3,9,9,8,94,LIGHT,"[10402, 10403, 70101, 10102, 70202]",EXTERNAL_CSV,0.9
141.0,8,8,7,3,9,9,8,92,LIGHT,"[80102, 70102, 70201, 90203, 10302]",EXTERNAL_CSV,0.9
142.0,8,9,6,3,9,9,8,93,LIGHT,"[10402, 20103, 20104, 20105, 70202]",EXTERNAL_CSV,0.9
143.0,9,9,6,6,9,9,9,95,MEDIUM,"[80102, 40104, 20105, 10103, 70202]",EXTERNAL_CSV,0.9
144.0,9,9,8,2,9,10,9,96,LIGHT,"[80103, 80104, 20105, 70102, 10102]",EXTERNAL_CSV,0.9
145.0,8,9,7,3,9,9,8,93,LIGHT,"[80104, 70201, 10401, 70102]",EXTERNAL_CSV,0.9
146.0,9,9,7,2,9,9,9,95,LIGHT,"[80104, 40104, 90203, 10102]",EXTERNAL_CSV,0.9
147.0,9,9,6,4,9,10,9,96,LIGHT,"[10402, 10403, 20105, 70201, 90201, 70202]",EXTERNAL_CSV,0.9
148.0,8,9,7,4,9,9,8,93,LIGHT,"[20101, 80103, 20104, 501, 70202]",EXTERNAL_CSV,0.9
149.0,9,8,6,3,9,9,8,93,LIGHT,"[80201, 20105, 201, 70201, 90201, 90202]",EXTERNAL_CSV,0.9
150.0,8,9,6,2,9,9,7,92,LIGHT,"[20105, 201, 60301, 70103, 10201]",EXTERNAL_CSV,0.9
151.0,8,8,7,2,8,9,8,91,LIGHT,"[10401, 10202, 10403, 80103]",EXTERNAL_CSV,0.9
152.0,9,9,7,3,9,9,8,94,LIGHT,"[10401, 80103, 20201, 20203, 70201]",EXTERNAL_CSV,0.9
153.0,8,8,7,3,8,9,7,90,LIGHT,"[60303, 70201, 104, 80103]",EXTERNAL_CSV,0.9
154.0,9,9,7,3,9,9,9,95,LIGHT,"[80104, 20105, 60301, 70201, 90201]",EXTERNAL_CSV,0.9
155.0,8,8,6,6,9,9,8,92,MEDIUM,"[10202, 80102, 40104, 10201, 70202]",EXTERNAL_CSV,0.9
156.0,9,9,6,3,9,9,9,95,LIGHT,"[40104, 20105, 10101, 70201]",EXTERNAL_CSV,0.9
157.0,9,9,6,3,9,9,8,94,LIGHT,"[10402, 40104, 70202, 90201, 90202]",EXTERNAL_CSV,0.9
158.0,8,8,6,3,8,8,8,90,LIGHT,"[40104, 70102, 70201, 90202, 10201]",EXTERNAL_CSV,0.9
159.0,9,8,7,2,9,9,8,93,LIGHT,"[20105, 90202, 10101, 80103]",EXTERNAL_CSV,0.9
160.0,9,10,6,2,9,10,8,96,LIGHT,"[10305, 10402, 20101, 20105, 60301, 10201, 90202]",EXTERNAL_CSV,0.9
161.0,7,7,3,10,8,8,7,87,HEAVY,"[10202, 70202, 70102, 50303]",EXTERNAL_CSV,0.9
162.0,9,9,7,3,9,9,8,94,LIGHT,"[10402, 10403, 80101, 20201, 70202]",EXTERNAL_CSV,0.9
163.0,8,9,7,3,9,9,8,93,LIGHT,"[80102, 20105, 10102, 70201, 90203]",EXTERNAL_CSV,0.9
164.0,9,9,7,3,9,9,8,94,LIGHT,"[70201, 20105, 10307, 80102]",EXTERNAL_CSV,0.9
165.0,8,8,5,7,8,9,7,90,MEDIUM,"[10402, 20103, 70202, 70201, 10202]",EXTERNAL_CSV,0.9
166.0,9,9,6,3,9,9,8,94,LIGHT,"[10402, 40104, 60304, 10101, 70202]",EXTERNAL_CSV,0.9
167.0,9,8,7,2,9,9,8,93,LIGHT,"[20105, 10202, 90202, 80102]",EXTERNAL_CSV,0.9
168.0,9,9,6,3,9,9,9,94,LIGHT,"[20105, 20203, 10101, 70103, 70201]",EXTERNAL_CSV,0.9
169.0,9,8,5,6,9,9,8,93,MEDIUM,"[90201, 10402, 20101, 20105, 70103, 70201]",EXTERNAL_CSV,0.9
170.0,9,8,6,3,9,9,8,93,LIGHT,"[10403, 20105, 10102, 70103, 70201, 10201]",EXTERNAL_CSV,0.9
171.0,9,9,6,3,9,9,9,95,LIGHT,"[10403, 20105, 10104, 70201, 90202]",EXTERNAL_CSV,0.9
172.0,9,9,7,2,9,9,9,95,LIGHT,"[10403, 80102, 20105, 70103, 90202]",EXTERNAL_CSV,0.9
173.0,8,8,7,3,9,9,8,92,LIGHT,"[10403, 40104, 80104, 10101, 70201]",EXTERNAL_CSV,0.9
174.0,9,9,7,3,9,9,8,94,LIGHT,"[10402, 10403, 80103, 10104, 70202]",EXTERNAL_CSV,0.9
175.0,9,9,6,2,9,9,8,94,LIGHT,"[10305, 10401, 20203]",EXTERNAL_CSV,0.9
176.0,8,8,6,3,9,9,8,92,LIGHT,"[10402, 20105, 70201, 10101, 90201]",EXTERNAL_CSV,0.9
177.0,9,9,7,3,9,9,9,95,LIGHT,"[80104, 20105, 70102, 10103, 70201]",EXTERNAL_CSV,0.9
178.0,9,9,7,2,9,9,8,94,LIGHT,"[20105, 10101, 70102, 80103]",EXTERNAL_CSV,0.9
179.0,9,9,7,2,9,9,8,94,LIGHT,"[10402, 10307, 80103, 40104, 20106]",EXTERNAL_CSV,0.9
180.0,9,9,7,2,9,9,8,94,LIGHT,"[10402, 802, 901, 90201, 602]",EXTERNAL_CSV,0.9
181.0,9,8,6,3,9,9,8,93,LIGHT,"[10402, 10403, 20105, 70201, 90203]",EXTERNAL_CSV,0.9
182.0,9,8,6,3,9,9,9,94,LIGHT,"[20105, 70202, 10401, 10303]",EXTERNAL_CSV,0.9
183.0,9,9,6,3,9,9,8,94,LIGHT,"[10404, 20105, 201, 10101, 10103, 70202]",EXTERNAL_CSV,0.9
184.0,9,9,6,3,9,9,9,95,LIGHT,"[20201, 70201, 10101, 10201, 90203]",EXTERNAL_CSV,0.9
185.0,9,9,7,3,9,9,8,94,LIGHT,"[101, 80103, 40107, 90103, 501, 70103]",EXTERNAL_CSV,0.9
186.0,8,9,5,9,8,9,8,92,HEAVY,"[80103, 80104, 60303, 70102, 70202]",EXTERNAL_CSV,0.9
187.0,8,9,7,3,9,9,8,93,LIGHT,"[70201, 10202, 80103, 60303]",EXTERNAL_CSV,0.9
188.0,8,9,6,3,9,9,8,93,LIGHT,"[20105, 70202, 40202, 10302]",EXTERNAL_CSV,0.9
189.0,9,9,6,3,9,9,8,94,LIGHT,"[10401, 20105, 20106, 70202, 10303]",EXTERNAL_CSV,0.9
190.0,9,8,7,3,9,9,8,93,LIGHT,"[10402, 80104, 20105, 70201, 10303]",EXTERNAL_CSV,0.9
191.0,9,9,6,3,9,9,8,94,LIGHT,"[20105, 10101, 70103, 70201, 90202]",EXTERNAL_CSV,0.9
192.0,8,8,6,6,9,9,8,92,MEDIUM,"[20101, 80103, 10101, 70201, 90203]",EXTERNAL_CSV,0.9
193.0,8,8,6,3,9,9,8,92,LIGHT,"[10402, 20105, 40107, 70201, 602]",EXTERNAL_CSV,0.9
194.0,8,9,7,2,9,9,8,93,LIGHT,"[10404, 80101, 20105, 60304, 10103, 10201]",EXTERNAL_CSV,0.9
195.0,9,9,6,3,9,10,9,96,LIGHT,"[20101, 20203, 70103, 70201, 90203]",EXTERNAL_CSV,0.9
196.0,9,9,6,3,9,9,9,95,LIGHT,"[10403, 20101, 20105, 70201, 10202]",EXTERNAL_CSV,0.9
197.0,9,9,6,3,9,9,8,94,LIGHT,"[10401, 201, 20105, 70202, 90203]",EXTERNAL_CSV,0.9
198.0,8,9,7,2,8,8,8,91,LIGHT,"[10305, 80103, 20105, 60301, 70103]",EXTERNAL_CSV,0.9
199.0,9,9,6,3,9,9,8,94,LIGHT,"[10404, 20105, 70103, 70201, 90202]",EXTERNAL_CSV,0.9
200.0,8,9,6,3,9,9,8,93,LIGHT,"[30305, 10305, 10403, 20203, 70201]",EXTERNAL_CSV,0.9
201.0,9,9,7,3,9,9,8,94,LIGHT,"[10403, 80104, 20105, 70201, 90201]",EXTERNAL_CSV,0.9
202.0,9,8,6,3,9,9,8,93,LIGHT,"[10404, 20105, 70201, 10202, 90203]",EXTERNAL_CSV,0.9
203.0,8,9,7,3,9,9,7,92,LIGHT,"[80103, 40104, 20106, 70103, 70201, 10201]",EXTERNAL_CSV,0.9
204.0,9,8,7,2,9,9,8,93,LIGHT,"[10402, 80101, 901, 10202, 90203]",EXTERNAL_CSV,0.9
205.0,9,9,6,3,9,9,8,94,LIGHT,"[10402, 20105, 90201, 70202, 10302]",EXTERNAL_CSV,0.9
206.0,9,8,8,3,9,9,8,93,LIGHT,"[40201, 80101, 10302, 80103]",EXTERNAL_CSV,0.9
207.0,8,9,6,3,9,9,8,93,LIGHT,"[20105, 10102, 70103, 70202, 90203]",EXTERNAL_CSV,0.9
208.0,7,8,6,3,8,8,7,88,LIGHT,"[40104, 10201, 70101, 70201]",EXTERNAL_CSV,0.9
209.0,8,9,6,3,9,9,8,93,LIGHT,"[10201, 70202, 70101, 70102]",EXTERNAL_CSV,0.9
210.0,8,9,6,3,9,9,8,93,LIGHT,"[20105, 10402, 30305, 70202]",EXTERNAL_CSV,0.9
211.0,8,9,5,6,8,9,8,92,MEDIUM,"[40104, 10401, 70202, 60101]",EXTERNAL_CSV,0.9
212.0,8,9,8,2,9,9,8,93,LIGHT,"[80101, 80102, 20105, 10202, 701]",EXTERNAL_CSV,0.9
213.0,9,8,6,2,9,9,8,93,LIGHT,"[90202, 20203, 702, 10103]",EXTERNAL_CSV,0.9
214.0,9,9,7,3,9,9,8,94,LIGHT,"[80103, 20105, 60301, 10101, 70201]",EXTERNAL_CSV,0.9
215.0,8,9,6,3,9,9,9,94,LIGHT,"[901, 20105, 70103, 90201, 70202]",EXTERNAL_CSV,0.9
216.0,9,9,6,3,8,9,8,93,LIGHT,"[90201, 20105, 70102, 70201]",EXTERNAL_CSV,0.9
217.0,9,9,6,3,9,9,8,94,LIGHT,"[10402, 20101, 20105, 10101, 70201]",EXTERNAL_CSV,0.9
218.0,9,8,6,4,9,9,8,93,LIGHT,"[10402, 90202, 20105, 70201, 70202]",EXTERNAL_CSV,0.9
219.0,8,9,6,4,9,9,8,93,LIGHT,"[10401, 10402, 10404, 70201, 70202]",EXTERNAL_CSV,0.9
220.0,8,9,7,3,9,9,8,93,LIGHT,"[10403, 80104, 20105, 10102, 70201]",EXTERNAL_CSV,0.9
221.0,8,8,7,3,9,9,8,92,LIGHT,"[10307, 10404, 80104, 70101, 70201]",EXTERNAL_CSV,0.9
222.0,9,9,7,3,9,9,8,94,LIGHT,"[10401, 80103, 20105, 70201, 10302]",EXTERNAL_CSV,0.9
223.0,8,9,6,6,9,9,8,93,MEDIUM,"[10305, 80103, 20105, 70103, 70202]",EXTERNAL_CSV,0.9
224.0,8,9,7,3,8,9,8,92,LIGHT,"[10402, 80104, 70201, 70103, 90201]",EXTERNAL_CSV,0.9
225.0,9,9,6,3,9,9,9,95,LIGHT,"[10402, 10102, 70103, 70201, 90203]",EXTERNAL_CSV,0.9
226.0,9,9,7,2,9,9,8,94,LIGHT,"[10402, 80103, 20105, 90201, 30301]",EXTERNAL_CSV,0.9
227.0,8,9,6,3,9,9,8,93,LIGHT,"[40104, 70202, 10103]",EXTERNAL_CSV,0.9
228.0,9,8,8,2,9,9,8,93,LIGHT,"[10403, 80103, 80104, 20105, 10102]",EXTERNAL_CSV,0.9
229.0,9,8,6,2,9,9,8,93,LIGHT,"[10402, 10101, 20101]",EXTERNAL_CSV,0.9
230.0,8,9,7,3,8,9,8,92,LIGHT,"[30305, 80103, 20105, 70201, 90202]",EXTERNAL_CSV,0.9
231.0,9,8,8,2,9,9,8,93,LIGHT,"[80101, 80102, 20201, 20105, 10101, 70103]",EXTERNAL_CSV,0.9
232.0,9,8,7,3,9,9,8,93,LIGHT,"[20101, 80104, 70101, 70103, 70201]",EXTERNAL_CSV,0.9
233.0,8,8,6,4,8,9,8,91,LIGHT,"[90202, 40104, 70201, 10201, 70202]",EXTERNAL_CSV,0.9
234.0,9,8,7,2,9,9,8,93,LIGHT,"[10401, 80102, 20105, 70103, 10303]",EXTERNAL_CSV,0.9
235.0,9,9,6,2,9,9,8,94,LIGHT,"[10402, 20105, 70103, 701, 702]",EXTERNAL_CSV,0.9
236.0,8,8,8,2,9,9,8,92,LIGHT,"[80103, 80104, 90201, 90202, 10201]",EXTERNAL_CSV,0.9
237.0,9,9,6,2,9,10,9,96,LIGHT,"[10403, 104, 20105, 90203, 702]",EXTERNAL_CSV,0.9
238.0,9,9,7,2,9,10,9,96,LIGHT,"[30305, 10402, 80104, 20105, 90201]",EXTERNAL_CSV,0.9
239.0,9,9,6,3,9,9,8,94,LIGHT,"[10401, 10402, 70201, 90202, 30301]",EXTERNAL_CSV,0.9
240.0,9,9,7,3,9,9,8,94,LIGHT,"[80101, 20105, 201, 90201, 70202]",EXTERNAL_CSV,0.9
241.0,9,9,6,3,9,9,9,95,LIGHT,"[10401, 70101, 10101, 90201, 70202]",EXTERNAL_CSV,0.9
242.0,9,9,6,3,9,9,8,94,LIGHT,"[10402, 90201, 10202, 70201]",EXTERNAL_CSV,0.9
243.0,8,9,7,3,9,9,8,93,LIGHT,"[30305, 10402, 80104, 70201, 90201]",EXTERNAL_CSV,0.9
244.0,8,8,6,2,9,9,8,92,LIGHT,"[30305, 20105, 10101, 90201, 10201]",EXTERNAL_CSV,0.9
245.0,9,9,7,3,9,9,9,95,LIGHT,"[80104, 70202, 10403, 10101]",EXTERNAL_CSV,0.9
246.0,9,9,6,3,9,9,9,95,LIGHT,"[10401, 30305, 20101, 20105, 201, 70201]",EXTERNAL_CSV,0.9
247.0,8,9,7,3,9,9,8,93,LIGHT,"[80104, 20105, 20202, 20203, 70202]",EXTERNAL_CSV,0.9
248.0,8,8,8,2,9,9,8,92,LIGHT,"[10305, 80103, 80104, 70102, 90202]",EXTERNAL_CSV,0.9
249.0,9,9,7,3,9,9,8,94,LIGHT,"[10403, 80104, 20105, 70102, 90201, 70202]",EXTERNAL_CSV,0.9
250.0,8,9,6,3,9,9,8,93,LIGHT,"[90201, 20105, 70103, 70201, 10302]",EXTERNAL_CSV,0.9
251.0,9,9,6,3,9,10,9,96,LIGHT,"[20105, 10102, 70103, 70201, 90203]",EXTERNAL_CSV,0.9
252.0,8,9,7,2,9,9,8,93,LIGHT,"[802, 10307, 902, 40104, 20105, 70103]",EXTERNAL_CSV,0.9
253.0,8,9,7,3,9,9,8,93,LIGHT,"[10401, 80104, 20105, 70201, 90202]",EXTERNAL_CSV,0.9
254.0,9,9,6,3,9,9,8,94,LIGHT,"[20105, 20201, 10103, 10105, 70202]",EXTERNAL_CSV,0.9
255.0,9,9,6,3,9,9,9,95,LIGHT,"[10402, 20105, 10101, 70201, 90202]",EXTERNAL_CSV,0.9
256.0,9,9,6,3,9,9,8,94,LIGHT,"[90201, 70201, 20201, 10102]",EXTERNAL_CSV,0.9
257.0,9,8,5,6,9,9,8,93,MEDIUM,"[10104, 20105, 30301, 70201]",EXTERNAL_CSV,0.9
258.0,9,9,6,3,9,9,9,95,LIGHT,"[10401, 10403, 20105, 10104, 70201]",EXTERNAL_CSV,0.9
259.0,8,8,7,2,8,9,8,91,LIGHT,"[80104, 20105, 10306, 70103]",EXTERNAL_CSV,0.9
260.0,9,8,7,3,9,9,8,93,LIGHT,"[30305, 80104, 20105, 70202, 10303]",EXTERNAL_CSV,0.9
261.0,9,9,7,2,9,9,8,94,LIGHT,"[10307, 80103, 20105, 90201, 90202]",EXTERNAL_CSV,0.9
262.0,6,7,5,10,7,7,7,84,HEAVY,"[803, 80103, 70202, 10202, 50303]",EXTERNAL_CSV,0.9
263.0,8,8,7,3,9,9,8,92,LIGHT,"[70201, 10308, 80103]",EXTERNAL_CSV,0.9
264.0,8,8,7,3,9,9,8,92,LIGHT,"[10402, 10403, 10306, 80103, 70201]",EXTERNAL_CSV,0.9
265.0,9,9,6,2,9,9,8,94,LIGHT,"[901, 20105, 70103, 90201, 10202]",EXTERNAL_CSV,0.9
266.0,8,9,6,2,9,9,8,93,LIGHT,"[20105, 10402, 902]",EXTERNAL_CSV,0.9
267.0,9,9,7,3,9,10,9,96,LIGHT,"[80103, 20105, 10101, 90201, 70202]",EXTERNAL_CSV,0.9
268.0,8,8,6,3,8,9,8,91,LIGHT,"[20201, 70102, 10103, 90201, 70202]",EXTERNAL_CSV,0.9
269.0,9,9,6,3,9,9,9,95,LIGHT,"[10402, 201, 20105, 70201, 10201]",EXTERNAL_CSV,0.9
270.0,9,9,6,4,9,9,8,94,LIGHT,"[90201, 20105, 70202, 70103, 70201, 90202]",EXTERNAL_CSV,0.9
271.0,8,8,7,3,9,9,8,92,LIGHT,"[901, 80104, 20105, 20201, 10104, 70201]",EXTERNAL_CSV,0.9
272.0,9,9,7,3,9,9,8,94,LIGHT,"[80104, 20105, 104, 20203, 70202, 10301]",EXTERNAL_CSV,0.9
273.0,8,9,5,7,9,9,9,94,MEDIUM,"[40201, 40107, 501, 70201, 10202, 50303]",EXTERNAL_CSV,0.9
274.0,8,8,7,2,9,9,8,92,LIGHT,"[10403, 80103, 20105, 201, 10202]",EXTERNAL_CSV,0.9
275.0,8,9,6,6,9,9,8,93,MEDIUM,"[70202, 90202, 70102, 80103]",EXTERNAL_CSV,0.9
276.0,9,9,7,2,9,10,8,95,LIGHT,"[80104, 20105, 10302, 90201]",EXTERNAL_CSV,0.9
277.0,7,8,5,6,8,8,7,88,MEDIUM,"[70201, 70102]",EXTERNAL_CSV,0.9
278.0,9,9,7,2,9,9,8,94,LIGHT,"[10402, 80101, 20105, 70103, 90201]",EXTERNAL_CSV,0.9
279.0,8,9,7,2,9,9,8,93,LIGHT,"[10403, 80104, 20105, 60301, 10301]",EXTERNAL_CSV,0.9
280.0,8,9,8,2,9,9,7,92,LIGHT,"[80101, 80102, 40104, 20105, 10302]",EXTERNAL_CSV,0.9
281.0,8,9,6,3,9,9,8,93,LIGHT,"[70201, 10306, 20105, 70103]",EXTERNAL_CSV,0.9
282.0,9,9,6,3,9,9,8,94,LIGHT,"[10401, 20203, 40107, 502]",EXTERNAL_CSV,0.9
283.0,8,8,7,2,9,9,8,92,LIGHT,"[801, 10202, 70102, 902]",EXTERNAL_CSV,0.9
284.0,8,9,7,3,9,9,8,93,LIGHT,"[80104, 20201, 20203, 10104, 70202]",EXTERNAL_CSV,0.9
285.0,8,9,8,3,9,9,8,93,LIGHT,"[10302, 70201, 80102, 80103]",EXTERNAL_CSV,0.9
286.0,8,8,6,3,9,9,8,92,LIGHT,"[40104, 20105, 70201, 10202, 90203]",EXTERNAL_CSV,0.9
287.0,9,8,8,2,9,9,8,93,LIGHT,"[80101, 80102, 20105, 90201, 10202]",EXTERNAL_CSV,0.9
288.0,9,8,6,2,9,9,8,93,LIGHT,"[10304, 20105, 20101, 70103]",EXTERNAL_CSV,0.9
289.0,9,9,7,2,9,9,9,95,LIGHT,"[10402, 20101, 80104, 20105, 90201]",EXTERNAL_CSV,0.9
290.0,9,8,6,4,9,9,8,93,LIGHT,"[902, 601, 70101, 70103, 70201, 70202]",EXTERNAL_CSV,0.9
291.0,8,9,7,3,8,9,8,92,LIGHT,"[30305, 801, 10403, 20105, 70201]",EXTERNAL_CSV,0.9
292.0,9,8,6,2,9,9,8,93,LIGHT,"[10403, 20105, 20201, 60304, 10302]",EXTERNAL_CSV,0.9
293.0,9,9,7,2,9,9,9,95,LIGHT,"[10402, 80104, 10101, 70103, 90201]",EXTERNAL_CSV,0.9
294.0,9,9,6,3,9,9,8,94,LIGHT,"[10401, 30305, 10403, 20105, 70201, 10302]",EXTERNAL_CSV,0.9
295.0,9,9,6,3,9,9,9,95,LIGHT,"[20105, 10103, 70103, 70201, 10201]",EXTERNAL_CSV,0.9
296.0,9,8,8,2,9,9,8,93,LIGHT,"[10104, 80101, 80102, 10102]",EXTERNAL_CSV,0.9
297.0,8,9,7,3,9,9,9,94,LIGHT,"[10104, 20105, 80104, 70201]",EXTERNAL_CSV,0.9
298.0,9,9,7,4,9,9,9,95,LIGHT,"[10401, 10402, 80104, 40201, 20105, 70201, 10201]",EXTERNAL_CSV,0.9
299.0,9,9,8,3,9,9,8,94,LIGHT,"[10402, 802, 80103, 20201, 70202]",EXTERNAL_CSV,0.9
300.0,9,9,7,2,9,9,8,94,LIGHT,"[901, 80102, 20105, 10102, 70103]",EXTERNAL_CSV,0.9
301.0,9,8,6,3,9,9,8,93,LIGHT,"[70201, 10401, 10102, 70103]",EXTERNAL_CSV,0.9
302.0,8,9,6,3,9,9,8,93,LIGHT,"[20101, 20203, 10103, 70202, 90203]",EXTERNAL_CSV,0.9
303.0,9,9,8,2,9,9,8,94,LIGHT,"[80101, 80103, 20105, 10102, 70103]",EXTERNAL_CSV,0.9
304.0,9,8,7,3,9,9,8,93,LIGHT,"[80104, 20105, 10101, 70201]",EXTERNAL_CSV,0.9
305.0,8,9,6,3,9,9,8,93,LIGHT,"[20105, 70102, 10104, 70201, 90202]",EXTERNAL_CSV,0.9
306.0,9,9,7,3,9,9,8,94,LIGHT,"[80104, 20105, 70201, 90202, 10302]",EXTERNAL_CSV,0.9
307.0,8,9,7,3,9,9,8,93,LIGHT,"[10403, 80104, 70102, 70201, 10303]",EXTERNAL_CSV,0.9
308.0,9,9,6,3,9,9,8,94,LIGHT,"[10402, 20105, 70201, 70301, 10302]",EXTERNAL_CSV,0.9
309.0,9,8,7,2,9,9,8,93,LIGHT,"[10401, 80104, 10202, 701, 702]",EXTERNAL_CSV,0.9
310.0,9,9,6,3,9,9,8,94,LIGHT,"[10402, 201, 60304, 10201, 70202]",EXTERNAL_CSV,0.9
311.0,9,9,7,2,9,9,8,94,LIGHT,"[10404, 80104, 20105, 10101, 90203]",EXTERNAL_CSV,0.9
312.0,9,9,7,3,9,9,8,94,LIGHT,"[80102, 20105, 70103, 70201, 90203]",EXTERNAL_CSV,0.9
313.0,9,9,6,2,9,9,9,95,LIGHT,"[10401, 106, 20106, 70103, 10301]",EXTERNAL_CSV,0.9
314.0,8,9,6,3,9,9,8,93,LIGHT,"[20105, 10101, 70103, 70201, 90203]",EXTERNAL_CSV,0.9
315.0,9,8,6,2,9,9,8,93,LIGHT,"[10304, 20105, 70103, 10104, 90201]",EXTERNAL_CSV,0.9
316.0,9,8,6,2,9,9,8,93,LIGHT,"[10401, 40104, 20105, 10102, 90203]",EXTERNAL_CSV,0.9
317.0,8,8,6,6,9,9,7,91,MEDIUM,"[10403, 80101, 20105, 70201, 90202]",EXTERNAL_CSV,0.9
318.0,8,9,6,3,10,10,9,96,LIGHT,"[20103, 20105, 60304, 10103, 10104, 70202]",EXTERNAL_CSV,0.9
319.0,8,9,7,2,9,8,8,92,LIGHT,"[10402, 80103, 20105, 70101, 90203]",EXTERNAL_CSV,0.9
320.0,9,9,8,2,9,9,8,94,LIGHT,"[601, 20105, 80101, 80103]",EXTERNAL_CSV,0.9
321.0,9,9,6,2,10,10,9,97,LIGHT,"[10404, 20105, 10102, 90201, 90202]",EXTERNAL_CSV,0.9
322.0,7,8,8,4,8,8,7,88,LIGHT,"[804, 80103, 70102, 70201, 70202]",EXTERNAL_CSV,0.9
323.0,8,8,7,3,8,8,8,90,LIGHT,"[10307, 902, 80103, 60302, 70202]",EXTERNAL_CSV,0.9
324.0,8,8,6,3,9,9,8,92,LIGHT,"[40104, 70201, 10302, 70103]",EXTERNAL_CSV,0.9
325.0,8,8,8,3,9,9,8,92,LIGHT,"[801, 80101, 20105, 70201, 10303]",EXTERNAL_CSV,0.9
326.0,8,9,6,2,8,9,8,92,LIGHT,"[10402, 20105, 70101, 70102, 90201]",EXTERNAL_CSV,0.9
327.0,9,9,6,3,9,9,8,94,LIGHT,"[10307, 10403, 40104, 20105, 70201, 90201]",EXTERNAL_CSV,0.9
328.0,8,8,8,3,9,9,8,92,LIGHT,"[801, 803, 10308, 70102, 70201]",EXTERNAL_CSV,0.9
329.0,8,9,7,4,9,9,7,92,LIGHT,"[80101, 60303, 70102, 70201, 70202]",EXTERNAL_CSV,0.9
330.0,9,9,6,3,9,9,9,95,LIGHT,"[20105, 70201, 70102, 10102, 90201]",EXTERNAL_CSV,0.9
331.0,8,9,6,3,9,9,8,93,LIGHT,"[10104, 10401, 90203, 70201]",EXTERNAL_CSV,0.9
332.0,9,9,6,3,10,10,8,96,LIGHT,"[10402, 20105, 70202, 10101, 90202]",EXTERNAL_CSV,0.9
333.0,8,9,6,3,9,9,8,93,LIGHT,"[70202, 902, 10102]",EXTERNAL_CSV,0.9
334.0,8,8,6,4,9,9,8,92,LIGHT,"[40107, 60302, 70102, 70202, 50303]",EXTERNAL_CSV,0.9
335.0,9,8,7,3,9,9,8,93,LIGHT,"[10305, 70202, 80102, 20105]",EXTERNAL_CSV,0.9
336.0,9,9,5,5,9,9,9,95,MEDIUM,"[10401, 40104, 20105, 20203, 90201]",EXTERNAL_CSV,0.9
337.0,8,8,8,3,9,9,8,92,LIGHT,"[80101, 80102, 20105, 70102, 70202]",EXTERNAL_CSV,0.9
338.0,9,9,7,3,9,9,8,94,LIGHT,"[70201, 90202, 80101]",EXTERNAL_CSV,0.9
339.0,9,8,7,2,9,9,8,93,LIGHT,"[80104, 10305, 20105, 70101]",EXTERNAL_CSV,0.9
340.0,8,9,6,6,9,9,8,93,MEDIUM,"[80101, 40107, 60301, 60303, 70101, 70202]",EXTERNAL_CSV,0.9
341.0,8,8,7,3,9,9,8,92,LIGHT,"[70201, 10201, 80101, 60303]",EXTERNAL_CSV,0.9
342.0,8,9,8,2,9,9,8,93,LIGHT,"[80103, 80104, 20105, 70102, 10202]",EXTERNAL_CSV,0.9
343.0,8,8,7,3,9,9,8,92,LIGHT,"[30305, 10403, 80102, 20105, 70201]",EXTERNAL_CSV,0.9
344.0,9,8,6,3,9,9,8,93,LIGHT,"[10404, 20105, 70102, 70201, 10302]",EXTERNAL_CSV,0.9
345.0,9,9,6,3,9,9,8,94,LIGHT,"[20105, 70102, 10104, 70201, 90203]",EXTERNAL_CSV,0.9
346.0,9,9,6,2,9,9,9,95,LIGHT,"[20105, 90202, 60301, 10102]",EXTERNAL_CSV,0.9
347.0,8,9,6,5,9,9,8,93,MEDIUM,"[80102, 10103, 70103, 90201, 10301]",EXTERNAL_CSV,0.9
348.0,8,9,6,3,9,9,9,94,LIGHT,"[10402, 30305, 10202, 70202]",EXTERNAL_CSV,0.9
349.0,9,8,6,2,9,9,8,93,LIGHT,"[90201, 10401, 20201, 70103]",EXTERNAL_CSV,0.9
350.0,8,8,7,3,8,9,8,91,LIGHT,"[40104, 80104, 10101, 10102, 70201]",EXTERNAL_CSV,0.9
351.0,9,8,6,6,9,10,9,95,MEDIUM,"[10305, 10402, 80104, 20105, 90201, 70202]",EXTERNAL_CSV,0.9
352.0,8,8,7,3,8,8,8,90,LIGHT,"[40104, 70201, 10302, 801]",EXTERNAL_CSV,0.9
353.0,7,8,7,3,8,8,7,88,LIGHT,"[10201, 70202, 70101, 80103]",EXTERNAL_CSV,0.9
354.0,9,9,6,6,9,9,9,95,MEDIUM,"[80103, 20105, 70103, 70201, 90202]",EXTERNAL_CSV,0.9
355.0,9,9,6,3,9,9,8,94,LIGHT,"[90202, 20201, 10101, 10201, 70202]",EXTERNAL_CSV,0.9
356.0,9,9,6,2,9,9,9,95,LIGHT,"[104, 20105, 10101, 70103, 90203]",EXTERNAL_CSV,0.9
357.0,9,9,8,3,9,10,8,95,LIGHT,"[10307, 80101, 80102, 90201, 70202]",EXTERNAL_CSV,0.9
358.0,9,8,7,2,9,9,8,93,LIGHT,"[10402, 803, 20105, 70103, 702]",EXTERNAL_CSV,0.9
359.0,8,9,7,2,9,9,8,93,LIGHT,"[80104, 10401, 70103, 10303]",EXTERNAL_CSV,0.9
360.0,8,9,6,3,9,9,8,93,LIGHT,"[10401, 10402, 20105, 70201, 90202]",EXTERNAL_CSV,0.9
361.0,8,8,7,5,9,9,8,92,MEDIUM,"[10305, 80101, 80102, 70102, 90201]",EXTERNAL_CSV,0.9
362.0,9,9,7,2,10,9,8,95,LIGHT,"[10304, 80104, 20201, 40202, 40108]",EXTERNAL_CSV,0.9
363.0,9,9,6,4,9,9,9,95,LIGHT,"[10402, 90202, 70201, 90201, 70202]",EXTERNAL_CSV,0.9
364.0,9,9,6,2,9,9,8,94,LIGHT,"[20105, 20203, 10104, 10201, 702]",EXTERNAL_CSV,0.9
365.0,9,9,6,3,9,9,8,94,LIGHT,"[20105, 20202, 70102, 10104, 70201]",EXTERNAL_CSV,0.9
366.0,9,9,6,3,9,10,9,96,LIGHT,"[10403, 20105, 70103, 70201, 10202, 90203]",EXTERNAL_CSV,0.9
367.0,9,9,6,3,8,9,8,93,LIGHT,"[904, 70201, 10306, 70101]",EXTERNAL_CSV,0.9
368.0,7,8,4,9,8,9,7,89,HEAVY,"[80104, 20106, 90201, 70202, 701]",EXTERNAL_CSV,0.9
369.0,8,9,6,3,9,9,8,93,LIGHT,"[40104, 20105, 10101, 10103, 70202]",EXTERNAL_CSV,0.9
370.0,8,9,6,3,9,9,8,93,LIGHT,"[80201, 20105, 10101, 90201, 70202]",EXTERNAL_CSV,0.9
371.0,8,9,8,3,9,9,8,93,LIGHT,"[80101, 80103, 10102, 70201, 90203]",EXTERNAL_CSV,0.9
372.0,9,8,6,3,9,9,8,93,LIGHT,"[10404, 10201, 70202, 90203, 701]",EXTERNAL_CSV,0.9
373.0,9,8,8,2,9,9,8,93,LIGHT,"[80101, 80102, 20105, 10102, 70103]",EXTERNAL_CSV,0.9
374.0,9,9,6,3,9,9,9,95,LIGHT,"[104, 20105, 10000, 70201, 90203]",EXTERNAL_CSV,0.9
375.0,9,8,6,3,9,9,8,93,LIGHT,"[10403, 902, 20105, 70201, 10303]",EXTERNAL_CSV,0.9
376.0,9,9,6,3,8,9,8,93,LIGHT,"[30305, 20105, 70201, 90201, 10302]",EXTERNAL_CSV,0.9
377.0,9,8,7,2,8,9,8,92,LIGHT,"[802, 20101, 20105, 70103, 10302]",EXTERNAL_CSV,0.9
378.0,9,8,7,3,9,9,8,93,LIGHT,"[804, 20105, 70103, 90201, 70202]",EXTERNAL_CSV,0.9
379.0,8,9,6,6,8,9,7,91,MEDIUM,"[80104, 70201, 90202, 70103]",EXTERNAL_CSV,0.9
380.0,9,9,6,3,9,9,8,94,LIGHT,"[10305, 20103, 80201, 70201, 701]",EXTERNAL_CSV,0.9
381.0,9,9,7,3,9,9,8,94,LIGHT,"[40104, 70202, 80102, 10102]",EXTERNAL_CSV,0.9
382.0,8,8,8,3,8,8,8,90,LIGHT,"[80103, 80104, 20105, 70201, 70102, 10201]",EXTERNAL_CSV,0.9
383.0,8,9,6,4,9,9,8,93,LIGHT,"[10402, 10404, 70201, 90201, 70202]",EXTERNAL_CSV,0.9
384.0,8,9,7,3,9,9,8,93,LIGHT,"[902, 80103, 20105, 70201, 10202]",EXTERNAL_CSV,0.9
385.0,8,8,7,2,9,9,8,92,LIGHT,"[80104, 10401, 20105, 10201]",EXTERNAL_CSV,0.9
386.0,8,9,8,3,9,9,8,93,LIGHT,"[70201, 802, 10202, 80103]",EXTERNAL_CSV,0.9
387.0,9,9,6,3,9,10,9,96,LIGHT,"[10403, 20105, 70201, 90201, 90202]",EXTERNAL_CSV,0.9
388.0,9,9,6,3,9,9,8,94,LIGHT,"[20105, 70202, 30301, 90302, 10303]",EXTERNAL_CSV,0.9
389.0,9,8,7,2,8,9,8,92,LIGHT,"[80103, 104, 20105, 70103, 90201]",EXTERNAL_CSV,0.9
390.0,8,8,6,6,8,8,8,90,MEDIUM,"[10402, 80103, 40104, 70101, 70201]",EXTERNAL_CSV,0.9
391.0,9,8,7,3,9,9,8,93,LIGHT,"[10402, 80102, 20105, 70102, 70202]",EXTERNAL_CSV,0.9
392.0,9,8,8,3,9,9,8,93,LIGHT,"[80101, 80102, 70102, 10201, 70202]",EXTERNAL_CSV,0.9
393.0,8,9,8,2,9,9,8,93,LIGHT,"[80101, 80102, 70102, 70103, 10201]",EXTERNAL_CSV,0.9
394.0,9,9,7,2,9,9,8,94,LIGHT,"[10401, 20105, 90203, 80103]",EXTERNAL_CSV,0.9
395.0,8,9,6,2,9,9,8,93,LIGHT,"[10306, 10403, 40301, 70103, 90201]",EXTERNAL_CSV,0.9
396.0,8,9,7,3,9,9,8,93,LIGHT,"[90201, 10402, 80101, 20105, 70201, 10201]",EXTERNAL_CSV,0.9
397.0,9,9,7,3,9,10,8,95,LIGHT,"[10402, 80104, 20105, 70103, 70202]",EXTERNAL_CSV,0.9
398.0,8,8,6,3,9,9,7,91,LIGHT,"[30305, 10404, 20101, 20105, 70201]",EXTERNAL_CSV,0.9
399.0,9,8,7,2,9,10,9,95,LIGHT,"[10402, 10403, 902, 80102, 70103]",EXTERNAL_CSV,0.9
400.0,9,9,7,3,9,9,8,94,LIGHT,"[90202, 80103, 80301, 10102, 70202]",EXTERNAL_CSV,0.9
401.0,9,9,7,3,9,9,8,94,LIGHT,"[70201, 20105, 80103, 10103]",EXTERNAL_CSV,0.9
402.0,8,9,7,3,9,9,8,93,LIGHT,"[60303, 70201, 10102, 80103]",EXTERNAL_CSV,0.9
403.0,9,9,7,3,9,9,8,94,LIGHT,"[10307, 902, 80103, 20105, 70202]",EXTERNAL_CSV,0.9
404.0,9,9,6,4,9,9,8,94,LIGHT,"[90201, 10402, 70103, 70201, 70202]",EXTERNAL_CSV,0.9
405.0,8,8,8,3,9,9,8,92,LIGHT,"[10308, 80102, 80104, 70103, 70201]",EXTERNAL_CSV,0.9
406.0,9,9,6,3,9,10,9,96,LIGHT,"[20105, 20201, 10101, 10201, 70202, 90203]",EXTERNAL_CSV,0.9
407.0,8,9,7,3,9,9,8,93,LIGHT,"[10305, 20101, 80104, 70101, 70201]",EXTERNAL_CSV,0.9
408.0,8,8,6,4,9,9,8,92,LIGHT,"[70202, 70201, 90202, 90203, 10201]",EXTERNAL_CSV,0.9
409.0,9,9,6,4,9,9,8,94,LIGHT,"[10403, 20105, 70202, 70201, 90202]",EXTERNAL_CSV,0.9
410.0,9,8,7,3,9,9,8,93,LIGHT,"[80103, 70201, 10102, 70103, 90201]",EXTERNAL_CSV,0.9
411.0,8,8,7,5,8,9,8,91,MEDIUM,"[40104, 802, 70102, 80103]",EXTERNAL_CSV,0.9
412.0,9,9,7,2,9,9,8,94,LIGHT,"[901, 80104, 20105, 10102, 90201]",EXTERNAL_CSV,0.9
413.0,9,9,6,2,9,9,9,95,LIGHT,"[10402, 10403, 104, 20105, 90203]",EXTERNAL_CSV,0.9
414.0,8,8,6,6,9,9,8,92,MEDIUM,"[30305, 80102, 20105, 70102, 70201]",EXTERNAL_CSV,0.9
415.0,9,9,7,3,9,9,8,94,LIGHT,"[80104, 20105, 10104, 90201, 70202]",EXTERNAL_CSV,0.9
416.0,8,9,6,3,9,9,7,92,LIGHT,"[90202, 70101, 70102, 70201, 10202]",EXTERNAL_CSV,0.9
417.0,9,9,6,3,9,9,9,95,LIGHT,"[10402, 10403, 20105, 70201, 90203]",EXTERNAL_CSV,0.9
418.0,9,9,6,3,9,9,8,94,LIGHT,"[20105, 10101, 10103, 70201, 90202]",EXTERNAL_CSV,0.9
419.0,9,9,7,3,9,9,8,94,LIGHT,"[10403, 80104, 20105, 70201, 10301]",EXTERNAL_CSV,0.9
420.0,8,8,7,7,8,9,8,91,MEDIUM,"[801, 80101, 70202, 10302, 50303]",EXTERNAL_CSV,0.9
421.0,9,9,7,3,9,10,9,96,LIGHT,"[10304, 10403, 80104, 20105, 70202]",EXTERNAL_CSV,0.9
422.0,9,9,7,2,9,9,9,95,LIGHT,"[80103, 40104, 40202, 70103, 10302]",EXTERNAL_CSV,0.9
423.0,8,8,6,3,9,9,8,92,LIGHT,"[40104, 20105, 70103, 10201, 70202]",EXTERNAL_CSV,0.9
424.0,9,8,8,2,9,9,8,93,LIGHT,"[10403, 80103, 80104, 20105, 10302]",EXTERNAL_CSV,0.9
425.0,9,9,6,4,9,9,8,94,LIGHT,"[70201, 20105, 70202, 10103]",EXTERNAL_CSV,0.9
426.0,9,9,6,2,9,9,8,94,LIGHT,"[20105, 90202, 10403, 70103]",EXTERNAL_CSV,0.9
427.0,9,9,7,3,9,9,8,94,LIGHT,"[10306, 10403, 80104, 10101, 70201]",EXTERNAL_CSV,0.9
428.0,9,9,7,3,9,9,8,94,LIGHT,"[80104, 10402, 70202, 90202]",EXTERNAL_CSV,0.9
429.0,9,9,6,3,9,9,9,95,LIGHT,"[10402, 20105, 70103, 70201, 90203]",EXTERNAL_CSV,0.9
430.0,9,8,6,3,9,9,9,94,LIGHT,"[601, 70201, 40107, 20101]",EXTERNAL_CSV,0.9
431.0,9,9,7,2,9,9,9,95,LIGHT,"[30305, 80104, 20105, 10102, 90201]",EXTERNAL_CSV,0.9
432.0,8,9,6,7,8,9,8,92,MEDIUM,"[80102, 40104, 70201, 70202, 10302]",EXTERNAL_CSV,0.9
433.0,9,8,6,2,9,9,8,93,LIGHT,"[10401, 10307, 20105, 90201, 90203]",EXTERNAL_CSV,0.9
434.0,9,9,6,3,9,10,9,96,LIGHT,"[10402, 20105, 70201, 10202, 90203]",EXTERNAL_CSV,0.9
435.0,8,8,8,2,9,9,7,91,LIGHT,"[80104, 40104, 70102, 80103]",EXTERNAL_CSV,0.9
436.0,9,9,7,3,9,9,8,94,LIGHT,"[20101, 80102, 20105, 70201, 70103, 10201]",EXTERNAL_CSV,0.9
437.0,8,8,6,4,9,9,8,92,LIGHT,"[20105, 40201, 70201, 90201, 90202, 10201]",EXTERNAL_CSV,0.9
438.0,8,9,8,2,9,9,8,93,LIGHT,"[80101, 70102, 10302, 80103]",EXTERNAL_CSV,0.9
439.0,8,9,8,3,9,9,8,93,LIGHT,"[70201, 90202, 80101, 80103]",EXTERNAL_CSV,0.9
440.0,7,8,7,6,8,9,7,89,MEDIUM,"[70201, 801, 80101, 70103]",EXTERNAL_CSV,0.9
441.0,8,9,7,2,8,9,8,92,LIGHT,"[10402, 901, 80103, 70102, 90201]",EXTERNAL_CSV,0.9
442.0,8,8,6,3,8,9,8,91,LIGHT,"[10104, 10401, 70202, 60302]",EXTERNAL_CSV,0.9
443.0,9,9,7,2,9,9,8,94,LIGHT,"[10401, 80104, 20105, 60301, 90202]",EXTERNAL_CSV,0.9
444.0,9,9,6,2,9,9,8,94,LIGHT,"[20105, 70103, 10301, 10103]",EXTERNAL_CSV,0.9
445.0,8,9,6,3,9,9,8,93,LIGHT,"[70201, 10202, 10403, 20105]",EXTERNAL_CSV,0.9
446.0,8,8,7,2,9,9,8,92,LIGHT,"[80104, 70101, 70102, 90201, 10201]",EXTERNAL_CSV,0.9
447.0,9,9,6,4,9,9,9,95,LIGHT,"[10306, 902, 70103, 70201, 70202]",EXTERNAL_CSV,0.9
448.0,9,9,6,4,9,10,9,96,LIGHT,"[10402, 20105, 70201, 70202, 10302]",EXTERNAL_CSV,0.9
449.0,9,8,7,2,9,9,8,93,LIGHT,"[80101, 20101, 40104, 20105, 10201]",EXTERNAL_CSV,0.9
450.0,9,8,7,3,9,9,8,93,LIGHT,"[90201, 70202, 10308, 80103]",EXTERNAL_CSV,0.9
451.0,9,8,6,3,9,9,8,93,LIGHT,"[10404, 20105, 70102, 70201, 10303]",EXTERNAL_CSV,0.9
452.0,8,8,7,3,9,9,8,92,LIGHT,"[40104, 80104, 70201, 90202, 10301]",EXTERNAL_CSV,0.9
453.0,9,8,7,7,9,9,8,93,MEDIUM,"[90201, 80103, 80104, 501, 70201]",EXTERNAL_CSV,0.9
454.0,8,9,7,4,9,9,8,93,LIGHT,"[30305, 801, 10102, 70201, 70202]",EXTERNAL_CSV,0.9
455.0,8,9,7,4,9,9,8,93,LIGHT,"[70201, 70202, 90203, 801]",EXTERNAL_CSV,0.9
456.0,9,9,6,2,9,9,8,94,LIGHT,"[10401, 20105, 30305, 10101]",EXTERNAL_CSV,0.9
457.0,9,9,7,3,9,9,9,95,LIGHT,"[10304, 90201, 80104, 20105, 70201]",EXTERNAL_CSV,0.9
458.0,9,9,7,2,9,9,9,95,LIGHT,"[30305, 10403, 80104, 40104, 10102]",EXTERNAL_CSV,0.9
459.0,9,9,6,4,9,9,8,94,LIGHT,"[10401, 20105, 70201, 90201, 70202]",EXTERNAL_CSV,0.9
460.0,9,9,7,3,9,9,9,95,LIGHT,"[20101, 80104, 20105, 70202, 10202]",EXTERNAL_CSV,0.9
461.0,8,9,7,5,9,9,8,93,MEDIUM,"[80103, 80104, 20105, 10103, 70103]",EXTERNAL_CSV,0.9
462.0,9,9,6,3,9,9,8,94,LIGHT,"[40104, 20105, 70201, 10202, 90203]",EXTERNAL_CSV,0.9
463.0,8,8,7,3,8,9,7,90,LIGHT,"[40104, 70201, 80103, 70103]",EXTERNAL_CSV,0.9
464.0,8,9,7,3,9,9,8,93,LIGHT,"[10402, 80103, 40201, 40107, 50101]",EXTERNAL_CSV,0.9
465.0,9,9,8,3,9,9,8,94,LIGHT,"[80101, 80102, 20105, 70103, 10201, 70202, 90203]",EXTERNAL_CSV,0.9
466.0,8,9,6,3,9,9,8,93,LIGHT,"[30305, 10402, 20105, 70201, 90202]",EXTERNAL_CSV,0.9
467.0,9,9,7,2,9,9,8,94,LIGHT,"[10307, 80103, 20105, 70103, 90203]",EXTERNAL_CSV,0.9
468.0,8,9,7,3,9,9,7,92,LIGHT,"[80104, 20105, 40104, 10103, 70201]",EXTERNAL_CSV,0.9
469.0,8,8,7,2,8,9,7,90,LIGHT,"[10403, 10308, 70102, 80103]",EXTERNAL_CSV,0.9
470.0,9,9,6,3,8,9,8,93,LIGHT,"[10403, 20105, 70202, 10101, 90202]",EXTERNAL_CSV,0.9
471.0,9,9,7,3,9,9,8,94,LIGHT,"[80104, 20201, 70103, 70201, 10302]",EXTERNAL_CSV,0.9
472.0,8,8,6,6,9,9,8,92,MEDIUM,"[108, 70202, 802, 90202]",EXTERNAL_CSV,0.9
473.0,8,8,6,2,9,9,8,92,LIGHT,"[20105, 10402, 10403, 10302]",EXTERNAL_CSV,0.9
474.0,9,9,7,3,9,9,8,94,LIGHT,"[10202, 803, 20101, 20105, 70201, 90202]",EXTERNAL_CSV,0.9
475.0,9,9,6,2,9,9,8,94,LIGHT,"[40104, 20105, 70103, 10103]",EXTERNAL_CSV,0.9
476.0,9,8,7,3,9,9,8,93,LIGHT,"[10403, 102, 80104, 20105, 70201]",EXTERNAL_CSV,0.9
477.0,9,9,6,4,9,9,9,95,LIGHT,"[20201, 60302, 60303, 60304, 10103, 70201, 70202]",EXTERNAL_CSV,0.9
478.0,9,8,6,2,9,9,8,93,LIGHT,"[30305, 10402, 20105, 90201, 10202]",EXTERNAL_CSV,0.9
479.0,9,8,6,2,9,9,8,93,LIGHT,"[10402, 20101, 40104, 70102, 10303]",EXTERNAL_CSV,0.9
480.0,9,8,7,3,8,9,8,92,LIGHT,"[10404, 902, 80104, 70102, 70201]",EXTERNAL_CSV,0.9
481.0,9,9,8,3,9,9,8,94,LIGHT,"[801, 80102, 20105, 70202, 10302]",EXTERNAL_CSV,0.9
482.0,8,9,7,2,9,9,9,94,LIGHT,"[80103, 104, 20201, 20105, 40106, 301, 90202]",EXTERNAL_CSV,0.9
483.0,9,9,7,3,9,9,8,94,LIGHT,"[10402, 80102, 20105, 90201, 70202]",EXTERNAL_CSV,0.9
484.0,8,8,6,3,9,9,8,92,LIGHT,"[30201, 70202, 10403, 10103]",EXTERNAL_CSV,0.9
485.0,8,9,6,3,9,9,8,93,LIGHT,"[70201, 70103, 10103]",EXTERNAL_CSV,0.9
486.0,9,8,7,2,8,9,8,92,LIGHT,"[40104, 20105, 10403, 80103]",EXTERNAL_CSV,0.9
487.0,9,9,7,2,9,9,8,94,LIGHT,"[10307, 80103, 20105, 90103, 90201]",EXTERNAL_CSV,0.9
488.0,8,8,7,2,8,9,7,90,LIGHT,"[10402, 90203, 70101, 80103]",EXTERNAL_CSV,0.9
489.0,8,8,7,3,9,9,8,92,LIGHT,"[70304, 20101, 80104, 20105, 70201]",EXTERNAL_CSV,0.9
490.0,8,8,5,6,8,8,8,90,MEDIUM,"[10306, 201, 20105, 70102, 70201]",EXTERNAL_CSV,0.9
491.0,8,8,6,2,9,9,8,92,LIGHT,"[10402, 10403, 20101, 40104, 90203]",EXTERNAL_CSV,0.9
492.0,8,8,7,3,9,9,8,92,LIGHT,"[70201, 10402, 20105, 80103]",EXTERNAL_CSV,0.9
493.0,9,8,7,2,9,9,8,93,LIGHT,"[80104, 10201, 20105, 20101]",EXTERNAL_CSV,0.9
494.0,8,9,6,2,9,9,8,93,LIGHT,"[10307, 40104, 70103, 90203, 702]",EXTERNAL_CSV,0.9
495.0,9,9,6,3,9,9,8,94,LIGHT,"[20101, 20105, 60304, 70201, 10202]",EXTERNAL_CSV,0.9
496.0,8,9,6,3,9,9,8,93,LIGHT,"[40104, 20203, 70103, 70201, 10202]",EXTERNAL_CSV,0.9
497.0,8,8,8,2,9,9,8,92,LIGHT,"[10404, 80101, 80102, 20105, 10101]",EXTERNAL_CSV,0.9
498.0,8,8,8,2,9,9,7,91,LIGHT,"[10208, 10402, 80101, 80102, 20105]",EXTERNAL_CSV,0.9
499.0,9,8,8,2,9,9,8,93,LIGHT,"[10402, 80101, 80103, 60303, 70103]",EXTERNAL_CSV,0.9
500.0,8,9,7,3,9,9,8,93,LIGHT,"[70201, 20105, 10102, 80103]",EXTERNAL_CSV,0.9
501.0,9,9,6,3,9,9,9,95,LIGHT,"[10403, 20105, 10102, 70201, 10202]",EXTERNAL_CSV,0.9
502.0,8,9,7,3,9,9,8,93,LIGHT,"[30305, 80101, 20105, 70202, 10202]",EXTERNAL_CSV,0.9
503.0,9,8,7,2,9,9,8,93,LIGHT,"[801, 10404, 20105, 10101, 702]",EXTERNAL_CSV,0.9
504.0,9,9,7,2,9,9,8,94,LIGHT,"[10402, 80104, 10101, 10102, 702]",EXTERNAL_CSV,0.9
505.0,9,8,6,2,9,9,8,93,LIGHT,"[10403, 20105, 10101, 10103, 702]",EXTERNAL_CSV,0.9
506.0,8,9,7,2,9,9,8,93,LIGHT,"[80103, 20105, 40202, 70103, 10303]",EXTERNAL_CSV,0.9
507.0,9,9,7,2,9,9,9,95,LIGHT,"[80104, 20105, 60303, 10101, 90201]",EXTERNAL_CSV,0.9
508.0,9,9,6,3,9,9,8,94,LIGHT,"[10401, 20105, 70202, 10202, 701]",EXTERNAL_CSV,0.9
509.0,8,9,6,3,8,9,8,92,LIGHT,"[104, 20105, 60302, 70201, 10201]",EXTERNAL_CSV,0.9
510.0,7,8,5,7,8,8,7,88,MEDIUM,"[40201, 70103, 10201, 70202, 50303]",EXTERNAL_CSV,0.9
511.0,9,9,7,2,9,9,8,94,LIGHT,"[80104, 20105, 10101, 70102, 90203]",EXTERNAL_CSV,0.9
512.0,9,9,7,2,9,10,9,96,LIGHT,"[10401, 80103, 20105, 10101, 10202, 90203]",EXTERNAL_CSV,0.9
513.0,10,9,7,2,10,10,9,98,LIGHT,"[10304, 801, 901, 20201, 20105, 10101]",EXTERNAL_CSV,0.9
514.0,9,9,6,3,9,9,8,94,LIGHT,"[10401, 10403, 20105, 90201, 70202]",EXTERNAL_CSV,0.9
515.0,9,9,7,2,9,9,9,95,LIGHT,"[10401, 80104, 60301, 701, 702]",EXTERNAL_CSV,0.9
516.0,8,8,6,3,8,8,8,90,LIGHT,"[90202, 20105, 70103, 70201, 10202]",EXTERNAL_CSV,0.9
517.0,9,9,7,2,9,9,8,94,LIGHT,"[80104, 20105, 10403, 10102]",EXTERNAL_CSV,0.9
518.0,8,9,7,3,9,9,8,93,LIGHT,"[10201, 70202, 70102, 80102]",EXTERNAL_CSV,0.9
519.0,9,9,9,2,9,9,8,94,LIGHT,"[10402, 80101, 80103, 80104, 20105, 60201]",EXTERNAL_CSV,0.9
520.0,8,9,7,3,9,9,8,93,LIGHT,"[80101, 40107, 20203, 70102, 70201]",EXTERNAL_CSV,0.9
521.0,8,8,5,6,9,9,8,92,MEDIUM,"[90201, 70201, 10402, 10102]",EXTERNAL_CSV,0.9
522.0,8,10,6,3,10,10,9,97,LIGHT,"[10306, 20201, 70201, 90201, 90202, 10303]",EXTERNAL_CSV,0.9
523.0,9,9,6,3,9,9,9,95,LIGHT,"[10403, 20105, 70201, 701, 10302]",EXTERNAL_CSV,0.9
524.0,9,9,6,3,9,9,9,95,LIGHT,"[10401, 20105, 70103, 70201, 90203]",EXTERNAL_CSV,0.9
525.0,9,9,6,3,9,9,9,95,LIGHT,"[10403, 20201, 10101, 70102, 70202]",EXTERNAL_CSV,0.9
526.0,8,8,7,3,9,9,8,92,LIGHT,"[80104, 20105, 70102, 70201, 10202]",EXTERNAL_CSV,0.9
527.0,8,9,6,2,9,9,8,93,LIGHT,"[10401, 20105, 70103, 90203, 10301]",EXTERNAL_CSV,0.9
528.0,9,9,7,3,9,9,8,94,LIGHT,"[902, 80104, 20105, 501, 30301]",EXTERNAL_CSV,0.9
529.0,9,9,7,2,9,10,9,96,LIGHT,"[80104, 20105, 10301, 10102]",EXTERNAL_CSV,0.9
530.0,8,9,6,3,9,9,8,93,LIGHT,"[70201, 20105, 20101, 10303]",EXTERNAL_CSV,0.9
531.0,9,8,7,3,9,9,8,93,LIGHT,"[80104, 20105, 70201, 90201, 10202]",EXTERNAL_CSV,0.9
532.0,9,9,6,3,9,9,8,94,LIGHT,"[20105, 70202, 70103, 10303]",EXTERNAL_CSV,0.9
533.0,9,9,8,4,9,9,8,94,LIGHT,"[80101, 80103, 70201, 70202, 10303]",EXTERNAL_CSV,0.9
534.0,9,9,6,2,9,10,9,96,LIGHT,"[10402, 20101, 20105, 70102, 10201]",EXTERNAL_CSV,0.9
535.0,8,9,7,3,8,9,7,91,LIGHT,"[60304, 70201, 60301, 80103]",EXTERNAL_CSV,0.9
536.0,8,9,7,3,9,9,8,93,LIGHT,"[90201, 80104, 70103, 70201, 10202]",EXTERNAL_CSV,0.9
537.0,9,9,6,3,9,9,8,94,LIGHT,"[70201, 10401, 90202, 10103]",EXTERNAL_CSV,0.9
538.0,8,9,7,3,8,9,8,92,LIGHT,"[80104, 20105, 70202, 10102]",EXTERNAL_CSV,0.9
539.0,8,9,8,3,9,9,8,93,LIGHT,"[30305, 80103, 80104, 70202, 10303]",EXTERNAL_CSV,0.9
540.0,9,9,7,3,9,9,8,94,LIGHT,"[80104, 20201, 70202, 10102]",EXTERNAL_CSV,0.9
541.0,9,9,6,2,9,9,8,94,LIGHT,"[10404, 20105, 70103, 90201, 90203]",EXTERNAL_CSV,0.9
542.0,8,8,7,2,8,8,8,90,LIGHT,"[801, 10403, 902, 20105, 702]",EXTERNAL_CSV,0.9
543.0,8,9,6,3,9,9,8,93,LIGHT,"[10305, 70202, 70102, 10303]",EXTERNAL_CSV,0.9
544.0,9,8,8,2,9,9,8,93,LIGHT,"[80103, 80104, 20105, 60303, 702]",EXTERNAL_CSV,0.9
545.0,9,9,7,3,9,10,9,96,LIGHT,"[10402, 901, 80104, 70201, 90203]",EXTERNAL_CSV,0.9
546.0,9,9,5,6,9,9,8,94,MEDIUM,"[40104, 70103, 70202, 90203, 10302]",EXTERNAL_CSV,0.9
547.0,9,9,6,4,9,9,8,94,LIGHT,"[40104, 70103, 10104, 70201, 70202]",EXTERNAL_CSV,0.9
548.0,9,8,6,3,9,9,8,93,LIGHT,"[10401, 10402, 20105, 70201, 90202]",EXTERNAL_CSV,0.9
549.0,9,8,3,10,9,9,9,94,HEAVY,"[20102, 20105, 20201, 60304, 10301, 601, 50301, 50303]",EXTERNAL_CSV,0.9
550.0,8,9,7,4,9,9,8,93,LIGHT,"[80104, 20201, 10102, 70201, 70202]",EXTERNAL_CSV,0.9
551.0,9,8,6,2,9,9,8,93,LIGHT,"[20105, 30305, 10101, 20101]",EXTERNAL_CSV,0.9
552.0,9,8,7,3,9,9,9,94,LIGHT,"[20105, 70202, 10102, 80103]",EXTERNAL_CSV,0.9
553.0,9,9,7,2,9,9,8,94,LIGHT,"[902, 80104, 20105, 70103, 10104]",EXTERNAL_CSV,0.9
554.0,9,9,6,3,9,9,8,94,LIGHT,"[10401, 10101, 70101, 10201, 70202]",EXTERNAL_CSV,0.9
555.0,8,8,8,2,9,9,8,92,LIGHT,"[70103, 80102, 80104, 10103, 10302]",EXTERNAL_CSV,0.9
556.0,8,9,8,3,9,9,8,93,LIGHT,"[801, 10402, 80103, 70103, 70201]",EXTERNAL_CSV,0.9
557.0,8,9,6,3,9,9,8,93,LIGHT,"[70201, 10402, 10103]",EXTERNAL_CSV,0.9
558.0,8,8,7,6,8,8,8,90,MEDIUM,"[80101, 80104, 20105, 40104, 70202, 10202]",EXTERNAL_CSV,0.9
559.0,9,9,6,4,9,9,8,94,LIGHT,"[10403, 20101, 20105, 70201, 70202]",EXTERNAL_CSV,0.9
560.0,8,9,6,3,9,9,8,93,LIGHT,"[10402, 20105, 70103, 70201, 10303]",EXTERNAL_CSV,0.9
561.0,8,8,7,2,9,9,8,92,LIGHT,"[20105, 90203, 80101, 10302]",EXTERNAL_CSV,0.9
562.0,9,9,5,6,9,9,9,95,MEDIUM,"[20101, 20105, 70102, 30103, 70202]",EXTERNAL_CSV,0.9
563.0,8,8,7,3,8,9,8,91,LIGHT,"[80104, 70201, 10201, 70102]",EXTERNAL_CSV,0.9
564.0,8,8,7,2,8,9,8,91,LIGHT,"[80104, 40104, 60302, 10101, 90202]",EXTERNAL_CSV,0.9
565.0,8,9,6,4,9,9,8,93,LIGHT,"[10402, 70201, 70202, 60304]",EXTERNAL_CSV,0.9
566.0,9,9,8,3,9,9,8,94,LIGHT,"[80103, 80104, 40104, 70102, 70201, 10202, 90203]",EXTERNAL_CSV,0.9
567.0,9,8,7,3,9,9,8,93,LIGHT,"[10403, 80104, 70102, 70201, 90202]",EXTERNAL_CSV,0.9
568.0,9,9,6,3,9,9,8,94,LIGHT,"[10402, 20105, 70201, 10202, 90203]",EXTERNAL_CSV,0.9
569.0,9,9,6,3,9,9,9,95,LIGHT,"[20101, 80201, 20105, 70202, 10106]",EXTERNAL_CSV,0.9
570.0,8,8,7,3,9,9,8,92,LIGHT,"[801, 10402, 40107, 70101, 70202]",EXTERNAL_CSV,0.9
571.0,9,9,6,3,9,9,8,94,LIGHT,"[10401, 20101, 20105, 10104, 70202]",EXTERNAL_CSV,0.9
572.0,9,9,7,3,9,9,8,94,LIGHT,"[801, 70202, 20201, 20105]",EXTERNAL_CSV,0.9
573.0,8,9,7,3,9,9,8,93,LIGHT,"[10401, 80104, 10102, 70103, 70202]",EXTERNAL_CSV,0.9
574.0,9,9,6,3,9,9,8,94,LIGHT,"[10404, 90202, 20101, 20103, 70202]",EXTERNAL_CSV,0.9
575.0,8,8,8,3,9,9,8,92,LIGHT,"[801, 80104, 20105, 70201, 90203, 10302]",EXTERNAL_CSV,0.9
576.0,9,9,6,3,9,9,9,95,LIGHT,"[10401, 20105, 10101, 70202, 90203]",EXTERNAL_CSV,0.9
577.0,8,8,7,3,8,9,8,91,LIGHT,"[801, 902, 201, 70101, 70201]",EXTERNAL_CSV,0.9
578.0,9,9,6,3,9,9,8,94,LIGHT,"[10401, 20101, 901, 20105, 10101, 70201, 90202]",EXTERNAL_CSV,0.9
579.0,8,9,7,3,9,9,8,93,LIGHT,"[80104, 20201, 70101, 10103, 70201]",EXTERNAL_CSV,0.9
580.0,9,9,6,2,9,9,9,95,LIGHT,"[20105, 20201, 10102, 70103]",EXTERNAL_CSV,0.9
581.0,8,9,8,2,9,9,8,93,LIGHT,"[80104, 80103, 902, 10103]",EXTERNAL_CSV,0.9
582.0,9,9,7,2,9,9,8,94,LIGHT,"[80104, 60303, 70101, 10103, 90201]",EXTERNAL_CSV,0.9
583.0,9,9,6,3,9,9,8,94,LIGHT,"[10403, 20105, 20201, 10102, 70201]",EXTERNAL_CSV,0.9
584.0,9,9,6,4,9,9,8,94,LIGHT,"[30305, 10403, 501, 70201, 70202]",EXTERNAL_CSV,0.9
585.0,8,9,3,10,8,9,7,91,HEAVY,"[10402, 40201, 403, 70102, 10201, 70202]",EXTERNAL_CSV,0.9
586.0,9,9,7,3,9,9,8,94,LIGHT,"[80101, 10101, 10102, 10103, 70201]",EXTERNAL_CSV,0.9
587.0,9,9,7,3,9,9,9,95,LIGHT,"[90202, 80104, 20105, 70201, 10202]",EXTERNAL_CSV,0.9
588.0,9,9,6,2,9,9,9,95,LIGHT,"[10104, 20201, 702, 90201]",EXTERNAL_CSV,0.9
589.0,9,9,7,3,9,9,8,94,LIGHT,"[10402, 80104, 20105, 90201, 70202]",EXTERNAL_CSV,0.9
590.0,7,8,7,3,8,8,7,88,LIGHT,"[80103, 40104, 70201, 70102, 10201]",EXTERNAL_CSV,0.9
591.0,8,9,7,2,8,8,8,91,LIGHT,"[50402, 80103, 40104, 105, 20202]",EXTERNAL_CSV,0.9
592.0,8,8,6,6,9,9,8,92,MEDIUM,"[10104, 70201, 80102]",EXTERNAL_CSV,0.9
593.0,9,9,7,3,9,9,8,94,LIGHT,"[10404, 80104, 70201, 90201, 90202]",EXTERNAL_CSV,0.9
594.0,9,8,7,3,9,9,8,93,LIGHT,"[10403, 80104, 20105, 90201, 70202]",EXTERNAL_CSV,0.9
595.0,9,9,6,3,9,9,8,94,LIGHT,"[10401, 70202, 10302]",EXTERNAL_CSV,0.9
596.0,9,9,6,3,9,9,9,95,LIGHT,"[10104, 20201, 70202, 70103]",EXTERNAL_CSV,0.9
597.0,8,8,6,2,9,9,8,92,LIGHT,"[10304, 20105, 70102, 90201, 30301]",EXTERNAL_CSV,0.9
598.0,9,9,7,3,9,9,9,95,LIGHT,"[90202, 80104, 20105, 70201, 10202]",EXTERNAL_CSV,0.9
599.0,9,8,6,2,9,9,8,93,LIGHT,"[10307, 10404, 40104, 20105, 90203]",EXTERNAL_CSV,0.9
600.0,9,9,8,3,9,9,8,94,LIGHT,"[10305, 80101, 80102, 20105, 70201]",EXTERNAL_CSV,0.9
601.0,8,8,8,3,9,9,8,92,LIGHT,"[80101, 20101, 80103, 20103, 20104, 40202, 70201]",EXTERNAL_CSV,0.9
602.0,9,9,6,4,9,9,8,94,LIGHT,"[10304, 10305, 10306, 20101, 90202, 20103, 70201, 70202, 70301]",EXTERNAL_CSV,0.9
603.0,8,8,7,3,9,9,8,92,LIGHT,"[40104, 10201, 80101, 70201]",EXTERNAL_CSV,0.9
604.0,9,9,6,2,9,9,8,94,LIGHT,"[20105, 10302, 70103]",EXTERNAL_CSV,0.9
605.0,8,9,6,3,9,9,8,93,LIGHT,"[10402, 20105, 10101, 70103, 70202, 90203]",EXTERNAL_CSV,0.9
606.0,9,9,6,3,9,9,8,94,LIGHT,"[90202, 20105, 70202, 90201, 10202]",EXTERNAL_CSV,0.9
607.0,8,9,8,3,8,9,9,92,LIGHT,"[10401, 10403, 80103, 80104, 70201]",EXTERNAL_CSV,0.9
608.0,8,8,5,7,8,8,8,90,MEDIUM,"[40104, 10201, 50303, 70201]",EXTERNAL_CSV,0.9
609.0,8,9,8,3,9,9,7,92,LIGHT,"[80103, 80104, 70201, 70103, 90201]",EXTERNAL_CSV,0.9
610.0,9,9,6,2,9,9,8,94,LIGHT,"[10401, 10402, 40104, 90201, 90203]",EXTERNAL_CSV,0.9
611.0,9,8,7,2,9,9,8,93,LIGHT,"[80104, 902, 10102, 70103]",EXTERNAL_CSV,0.9
612.0,8,9,8,2,9,9,8,93,LIGHT,"[801, 10403, 80103, 20105, 40202]",EXTERNAL_CSV,0.9
613.0,9,9,7,5,9,9,8,94,MEDIUM,"[10305, 801, 10402, 80101, 40104]",EXTERNAL_CSV,0.9
614.0,9,8,7,3,9,9,8,93,LIGHT,"[801, 90202, 70103, 70201, 10202]",EXTERNAL_CSV,0.9
615.0,9,9,7,3,9,9,8,94,LIGHT,"[902, 80103, 20105, 70103, 70201]",EXTERNAL_CSV,0.9
616.0,9,9,7,3,9,10,9,96,LIGHT,"[801, 902, 20105, 10102, 70202]",EXTERNAL_CSV,0.9
617.0,8,8,7,3,8,9,8,91,LIGHT,"[801, 40104, 201, 70201, 10202]",EXTERNAL_CSV,0.9
618.0,9,9,7,3,9,9,8,94,LIGHT,"[80104, 70201, 10403, 70102]",EXTERNAL_CSV,0.9
619.0,8,8,5,7,9,9,8,92,MEDIUM,"[10201, 70202, 10404, 70201]",EXTERNAL_CSV,0.9
620.0,8,9,8,3,9,9,7,92,LIGHT,"[80101, 80103, 40104, 10102, 70201]",EXTERNAL_CSV,0.9
621.0,8,9,6,3,9,9,8,93,LIGHT,"[60301, 40302, 60303, 70202, 10302]",EXTERNAL_CSV,0.9
622.0,7,8,7,2,8,9,8,90,LIGHT,"[10308, 80103, 20105, 70101, 30103]",EXTERNAL_CSV,0.9
623.0,8,9,6,3,9,9,7,92,LIGHT,"[30305, 10402, 20105, 70201, 10303]",EXTERNAL_CSV,0.9
624.0,8,9,6,3,9,9,8,93,LIGHT,"[70201, 20105, 10205, 70102]",EXTERNAL_CSV,0.9
625.0,8,8,7,2,9,9,8,92,LIGHT,"[40104, 20105, 80104, 70101, 10201]",EXTERNAL_CSV,0.9
626.0,8,9,6,3,9,9,8,93,LIGHT,"[70201, 10403, 40108, 10103]",EXTERNAL_CSV,0.9
627.0,9,9,7,2,9,9,8,94,LIGHT,"[10401, 80103, 201, 10101, 90203]",EXTERNAL_CSV,0.9
628.0,8,9,7,3,9,9,8,93,LIGHT,"[10403, 80104, 20201, 10101, 70201]",EXTERNAL_CSV,0.9
629.0,8,8,7,3,9,9,8,92,LIGHT,"[80104, 20105, 80201, 70201, 10202]",EXTERNAL_CSV,0.9
630.0,9,9,7,3,10,10,9,97,LIGHT,"[10402, 80104, 20105, 70201, 90201]",EXTERNAL_CSV,0.9
631.0,8,8,6,3,8,9,8,91,LIGHT,"[70201, 90202, 20201, 901]",EXTERNAL_CSV,0.9
632.0,9,9,6,2,9,9,8,94,LIGHT,"[90201, 10402, 702, 20105]",EXTERNAL_CSV,0.9
633.0,9,9,7,3,9,9,8,94,LIGHT,"[80104, 20105, 70103, 70201, 10301]",EXTERNAL_CSV,0.9
634.0,8,8,8,2,9,9,8,92,LIGHT,"[10402, 80103, 80104, 20105, 702]",EXTERNAL_CSV,0.9
635.0,8,9,6,2,9,9,8,93,LIGHT,"[10402, 10202, 20203, 10301]",EXTERNAL_CSV,0.9
636.0,9,9,6,3,9,9,8,94,LIGHT,"[20105, 70102, 70103, 10104, 70201]",EXTERNAL_CSV,0.9
637.0,8,9,6,2,9,9,8,93,LIGHT,"[40104, 20105, 70103, 90201, 10201]",EXTERNAL_CSV,0.9
638.0,9,9,7,2,9,9,8,94,LIGHT,"[60303, 10101, 80103]",EXTERNAL_CSV,0.9
639.0,9,9,8,2,9,9,8,94,LIGHT,"[10104, 20105, 80102, 80103]",EXTERNAL_CSV,0.9
640.0,9,9,6,3,9,9,8,94,LIGHT,"[10401, 10403, 20105, 70201, 90202]",EXTERNAL_CSV,0.9
641.0,8,9,6,3,9,9,8,93,LIGHT,"[10402, 20105, 70201, 10103, 90201]",EXTERNAL_CSV,0.9
642.0,9,9,7,2,9,9,9,95,LIGHT,"[10403, 80103, 20105, 70103, 90203]",EXTERNAL_CSV,0.9
643.0,9,9,6,4,9,9,8,94,LIGHT,"[10404, 20105, 20203, 70201, 70202]",EXTERNAL_CSV,0.9
644.0,9,9,6,4,9,9,9,95,LIGHT,"[20105, 40201, 60303, 10101, 70202]",EXTERNAL_CSV,0.9
645.0,9,9,6,3,9,9,9,95,LIGHT,"[10401, 20105, 70101, 70102, 70201, 10302]",EXTERNAL_CSV,0.9
646.0,8,8,7,3,9,9,8,92,LIGHT,"[80104, 10409, 60302, 70103, 70201]",EXTERNAL_CSV,0.9
647.0,8,9,5,7,8,8,8,91,MEDIUM,"[90202, 40104, 20105, 40201, 70202]",EXTERNAL_CSV,0.9
648.0,8,9,7,3,9,9,8,93,LIGHT,"[30305, 20101, 80104, 20105, 70201, 10201]",EXTERNAL_CSV,0.9
649.0,8,9,8,2,9,9,8,93,LIGHT,"[80101, 80102, 40104, 20105, 10302]",EXTERNAL_CSV,0.9
650.0,8,8,6,3,9,9,8,92,LIGHT,"[40104, 70201, 10302]",EXTERNAL_CSV,0.9
651.0,9,8,6,2,9,9,8,93,LIGHT,"[10402, 20105, 70102, 90202, 702]",EXTERNAL_CSV,0.9
652.0,8,9,7,2,9,9,8,93,LIGHT,"[10402, 902, 80104, 70103, 10302]",EXTERNAL_CSV,0.9
653.0,8,8,8,3,8,8,8,90,LIGHT,"[10306, 802, 80104, 70101, 70201]",EXTERNAL_CSV,0.9
654.0,8,8,7,3,8,9,7,90,LIGHT,"[10201, 80103, 60302, 70201]",EXTERNAL_CSV,0.9
655.0,10,9,6,3,9,9,9,96,LIGHT,"[10402, 20105, 70103, 70201, 90202]",EXTERNAL_CSV,0.9
656.0,8,8,6,3,9,9,8,92,LIGHT,"[70201, 20105, 10404, 70103]",EXTERNAL_CSV,0.9
657.0,8,8,7,3,9,9,8,92,LIGHT,"[10403, 80101, 20105, 90201, 70202]",EXTERNAL_CSV,0.9
658.0,8,9,8,3,9,9,8,93,LIGHT,"[80103, 80104, 20105, 70201, 90201]",EXTERNAL_CSV,0.9
659.0,8,8,6,3,9,9,8,92,LIGHT,"[10402, 20105, 70103, 70201, 10303]",EXTERNAL_CSV,0.9
660.0,9,8,7,3,9,9,8,93,LIGHT,"[10402, 20105, 70202, 80104]",EXTERNAL_CSV,0.9
661.0,8,9,7,3,9,9,8,93,LIGHT,"[10304, 802, 902, 20105, 70201]",EXTERNAL_CSV,0.9
662.0,9,9,6,3,9,9,9,95,LIGHT,"[90201, 70202, 10404, 10101]",EXTERNAL_CSV,0.9
663.0,9,9,6,3,9,9,9,94,LIGHT,"[20105, 10404, 10102, 70201]",EXTERNAL_CSV,0.9
664.0,10,9,6,3,10,10,9,98,LIGHT,"[10304, 10307, 70201, 90201, 90202]",EXTERNAL_CSV,0.9
665.0,9,8,6,3,9,9,8,93,LIGHT,"[70201, 10401, 20105, 70103]",EXTERNAL_CSV,0.9
666.0,8,8,7,2,9,9,7,91,LIGHT,"[20201, 80101, 10101]",EXTERNAL_CSV,0.9
667.0,9,9,6,2,9,9,8,94,LIGHT,"[10401, 10306, 102, 60303, 60304]",EXTERNAL_CSV,0.9
668.0,8,8,7,4,8,9,8,91,LIGHT,"[20101, 80101, 70201, 70202, 10302]",EXTERNAL_CSV,0.9
669.0,10,9,6,2,9,10,9,97,LIGHT,"[10403, 20101, 20105, 90201, 90202]",EXTERNAL_CSV,0.9
670.0,8,9,6,2,9,8,8,92,LIGHT,"[10306, 10403, 40104, 20105, 70102]",EXTERNAL_CSV,0.9
671.0,9,8,6,2,8,8,8,91,LIGHT,"[20105, 60301, 10302, 60303]",EXTERNAL_CSV,0.9
672.0,9,9,7,3,9,9,8,94,LIGHT,"[10402, 802, 20105, 70201, 90201]",EXTERNAL_CSV,0.9
673.0,9,9,6,3,9,9,9,95,LIGHT,"[10403, 20105, 70201, 90202, 10303]",EXTERNAL_CSV,0.9
674.0,9,9,6,2,9,9,8,94,LIGHT,"[40104, 20105, 201, 10101, 70103]",EXTERNAL_CSV,0.9
675.0,9,8,6,2,9,9,8,93,LIGHT,"[10403, 20105, 70103, 90202, 10302]",EXTERNAL_CSV,0.9
676.0,9,9,7,2,9,9,9,95,LIGHT,"[80104, 20105, 70103, 90202, 10107]",EXTERNAL_CSV,0.9
677.0,8,9,8,3,9,9,8,93,LIGHT,"[80101, 902, 80103, 70102, 70202]",EXTERNAL_CSV,0.9
678.0,9,8,6,3,9,9,8,93,LIGHT,"[20105, 10402, 201, 70201]",EXTERNAL_CSV,0.9
679.0,9,9,7,2,9,9,9,95,LIGHT,"[10402, 80102, 20105, 90201, 10202]",EXTERNAL_CSV,0.9
680.0,9,8,7,2,9,9,8,93,LIGHT,"[80104, 90201, 70102, 10102]",EXTERNAL_CSV,0.9
681.0,9,9,6,3,9,9,8,94,LIGHT,"[10403, 20105, 70201, 10201, 10202]",EXTERNAL_CSV,0.9
682.0,9,9,6,3,8,9,8,93,LIGHT,"[20105, 10402, 90203, 70201]",EXTERNAL_CSV,0.9
683.0,9,9,3,9,9,9,9,95,HEAVY,"[10402, 20105, 70103, 70201, 90202]",EXTERNAL_CSV,0.9
684.0,9,8,6,4,9,9,8,93,LIGHT,"[10402, 70103, 70201, 70202, 10302]",EXTERNAL_CSV,0.9
685.0,9,9,6,3,9,9,8,94,LIGHT,"[20105, 70201, 10103, 90201, 10201]",EXTERNAL_CSV,0.9
686.0,9,9,6,3,9,9,8,94,LIGHT,"[20201, 20203, 40108, 10104, 70201]",EXTERNAL_CSV,0.9
687.0,9,9,6,3,9,9,8,94,LIGHT,"[10201, 10402, 70202, 10101]",EXTERNAL_CSV,0.9
688.0,8,8,3,10,8,8,7,89,HEAVY,"[70201, 40107, 50301, 50303]",EXTERNAL_CSV,0.9
689.0,8,9,6,3,9,9,8,93,LIGHT,"[10402, 20105, 10101, 70201, 90202]",EXTERNAL_CSV,0.9
690.0,8,9,7,4,8,9,8,92,LIGHT,"[70201, 70202, 80101, 10102]",EXTERNAL_CSV,0.9
691.0,8,9,6,7,9,9,8,93,MEDIUM,"[10401, 10307, 10404, 80104, 40201, 104, 70201]",EXTERNAL_CSV,0.9
692.0,9,9,6,3,9,9,8,94,LIGHT,"[10305, 10403, 20105, 70201, 90201]",EXTERNAL_CSV,0.9
693.0,9,9,6,3,9,9,8,94,LIGHT,"[70201, 20105, 70102, 10303]",EXTERNAL_CSV,0.9
694.0,8,8,6,2,9,9,8,92,LIGHT,"[10402, 20105, 70103, 10104, 90202]",EXTERNAL_CSV,0.9
695.0,8,8,7,3,9,9,8,92,LIGHT,"[10304, 10402, 80103, 40104, 20105, 70201]",EXTERNAL_CSV,0.9
696.0,8,8,6,2,9,9,8,92,LIGHT,"[10104, 20105, 10404, 40104]",EXTERNAL_CSV,0.9
697.0,9,9,8,3,9,9,8,94,LIGHT,"[80104, 70201, 80101, 10102]",EXTERNAL_CSV,0.9
698.0,8,9,6,3,9,9,8,93,LIGHT,"[10402, 70201, 70101, 601, 10302]",EXTERNAL_CSV,0.9
699.0,9,9,8,3,9,10,9,96,LIGHT,"[10402, 80101, 80103, 60303, 70202]",EXTERNAL_CSV,0.9
700.0,9,9,6,2,9,9,8,94,LIGHT,"[20105, 20201, 10404, 10101]",EXTERNAL_CSV,0.9
701.0,8,8,7,6,8,9,8,91,MEDIUM,"[801, 902, 80103, 20105, 10104, 70201]",EXTERNAL_CSV,0.9
702.0,8,8,7,3,9,9,8,92,LIGHT,"[10402, 901, 80103, 70102, 70201]",EXTERNAL_CSV,0.9
703.0,8,9,7,2,9,9,8,93,LIGHT,"[10402, 10307, 902, 80104, 70103]",EXTERNAL_CSV,0.9
704.0,8,8,8,2,8,9,7,90,LIGHT,"[80102, 80103, 40104, 90201, 70301]",EXTERNAL_CSV,0.9
705.0,8,9,6,3,9,9,8,93,LIGHT,"[10403, 20105, 70103, 70201, 90202]",EXTERNAL_CSV,0.9
706.0,8,9,8,3,9,9,8,93,LIGHT,"[80101, 80103, 20105, 10101, 70201]",EXTERNAL_CSV,0.9
707.0,8,9,9,3,9,9,8,93,LIGHT,"[80101, 80103, 80104, 10201, 70202]",EXTERNAL_CSV,0.9
708.0,8,9,7,3,8,9,8,92,LIGHT,"[801, 10403, 20105, 70101, 70201]",EXTERNAL_CSV,0.9
709.0,9,9,7,3,9,9,8,94,LIGHT,"[80104, 70201, 10402, 10102]",EXTERNAL_CSV,0.9
710.0,9,9,7,3,9,9,9,95,LIGHT,"[80103, 20105, 10101, 70103, 70202]",EXTERNAL_CSV,0.9
711.0,9,9,6,3,9,9,8,94,LIGHT,"[10401, 10404, 90202, 104, 10104, 70202]",EXTERNAL_CSV,0.9
712.0,9,9,8,3,9,9,8,94,LIGHT,"[10308, 80102, 80103, 70103, 70202]",EXTERNAL_CSV,0.9
713.0,8,9,7,3,9,9,8,93,LIGHT,"[80102, 20105, 40302, 70202, 90203]",EXTERNAL_CSV,0.9
714.0,8,8,6,4,9,9,7,91,LIGHT,"[20105, 40201, 70102, 70201, 30301, 10302]",EXTERNAL_CSV,0.9
715.0,8,8,7,3,9,9,8,92,LIGHT,"[10401, 80101, 104, 201, 70202]",EXTERNAL_CSV,0.9
716.0,9,9,6,3,9,9,9,95,LIGHT,"[90201, 20105, 70202, 10303]",EXTERNAL_CSV,0.9
717.0,8,8,7,3,9,9,8,92,LIGHT,"[10104, 70201, 40104, 80104]",EXTERNAL_CSV,0.9
718.0,9,9,7,3,9,9,9,95,LIGHT,"[102, 80104, 20105, 10104, 70201]",EXTERNAL_CSV,0.9
719.0,9,8,7,3,9,9,8,93,LIGHT,"[10307, 40104, 80104, 70103, 70201]",EXTERNAL_CSV,0.9
720.0,9,8,6,3,9,9,7,92,LIGHT,"[10402, 40104, 20105, 70201, 90201, 10202]",EXTERNAL_CSV,0.9
721.0,9,9,6,4,9,9,8,94,LIGHT,"[10402, 20105, 70103, 70201, 70202]",EXTERNAL_CSV,0.9
722.0,9,9,7,3,9,10,9,96,LIGHT,"[80103, 104, 70201, 90201, 90202]",EXTERNAL_CSV,0.9
723.0,9,9,6,2,9,9,9,95,LIGHT,"[30305, 10402, 20103, 20201, 10302]",EXTERNAL_CSV,0.9
724.0,8,9,6,2,9,9,8,93,LIGHT,"[10403, 20201, 10104, 90201, 702]",EXTERNAL_CSV,0.9
725.0,9,9,7,3,9,9,9,95,LIGHT,"[80104, 20105, 70103, 70201, 10202]",EXTERNAL_CSV,0.9
726.0,9,9,6,3,9,9,8,94,LIGHT,"[10401, 20105, 10101, 10102, 70202]",EXTERNAL_CSV,0.9
727.0,9,8,7,2,9,9,8,93,LIGHT,"[80103, 40104, 20105, 90201, 90202]",EXTERNAL_CSV,0.9
728.0,9,9,8,2,9,9,9,95,LIGHT,"[10402, 80101, 80103, 20105, 10303]",EXTERNAL_CSV,0.9
729.0,9,9,7,3,9,9,9,95,LIGHT,"[90202, 80103, 70102, 10201, 70202, 10302]",EXTERNAL_CSV,0.9
730.0,8,9,7,3,9,9,8,93,LIGHT,"[10402, 80102, 20105, 70202, 702]",EXTERNAL_CSV,0.9
731.0,9,9,7,3,9,9,8,94,LIGHT,"[10402, 80104, 90201, 70202, 90203]",EXTERNAL_CSV,0.9
732.0,9,9,6,3,9,9,8,94,LIGHT,"[40104, 70103, 90201, 70202, 10302]",EXTERNAL_CSV,0.9
733.0,8,9,6,3,8,9,8,92,LIGHT,"[10403, 40104, 20105, 70103, 70201]",EXTERNAL_CSV,0.9
734.0,9,8,6,3,9,9,8,93,LIGHT,"[70201, 70102, 10302, 60303]",EXTERNAL_CSV,0.9
735.0,9,9,7,3,9,9,8,94,LIGHT,"[80103, 20105, 10104, 70201, 90202]",EXTERNAL_CSV,0.9
736.0,9,9,6,5,9,9,9,95,MEDIUM,"[80103, 40104, 20105, 60302, 10101]",EXTERNAL_CSV,0.9
737.0,9,9,7,3,9,9,8,94,LIGHT,"[70201, 70103, 90203, 80103]",EXTERNAL_CSV,0.9
738.0,8,9,6,2,9,9,8,93,LIGHT,"[10304, 10404, 20105, 70101, 70103]",EXTERNAL_CSV,0.9
739.0,9,9,7,3,9,9,9,95,LIGHT,"[80103, 20105, 10101, 90201, 70202]",EXTERNAL_CSV,0.9
740.0,8,8,7,2,8,8,8,90,LIGHT,"[80103, 20105, 70103, 90203, 10303]",EXTERNAL_CSV,0.9
741.0,9,9,7,3,9,9,9,95,LIGHT,"[80104, 20201, 10402, 70202]",EXTERNAL_CSV,0.9
742.0,9,9,7,2,9,9,9,95,LIGHT,"[10402, 80104, 20105, 70103, 90201]",EXTERNAL_CSV,0.9
743.0,8,9,7,2,9,9,8,92,LIGHT,"[60303, 10201, 60302, 80103]",EXTERNAL_CSV,0.9
744.0,9,9,6,2,9,9,9,95,LIGHT,"[10402, 70103, 10103, 90203, 701]",EXTERNAL_CSV,0.9
745.0,9,9,7,2,9,9,8,94,LIGHT,"[801, 102, 20105, 10101, 90202]",EXTERNAL_CSV,0.9
746.0,9,9,4,10,9,9,8,94,HEAVY,"[80103, 60304, 402, 501, 70202]",EXTERNAL_CSV,0.9
747.0,7,9,8,3,9,9,8,92,LIGHT,"[801, 10402, 802, 20105, 70202]",EXTERNAL_CSV,0.9
748.0,8,9,6,4,8,9,8,92,LIGHT,"[401, 70101, 70201, 70202, 10302]",EXTERNAL_CSV,0.9
749.0,9,9,8,3,9,9,9,95,LIGHT,"[10402, 80103, 80104, 20105, 70202]",EXTERNAL_CSV,0.9
750.0,9,9,7,3,9,9,8,94,LIGHT,"[10401, 80104, 20105, 90201, 70202]",EXTERNAL_CSV,0.9
751.0,8,8,6,7,8,8,8,90,MEDIUM,"[80103, 70103, 70201, 70202, 50303]",EXTERNAL_CSV,0.9
752.0,9,8,5,6,9,9,8,93,MEDIUM,"[70202, 40107, 10302]",EXTERNAL_CSV,0.9
753.0,8,8,6,3,9,9,8,92,LIGHT,"[40104, 70201, 10202, 70101]",EXTERNAL_CSV,0.9
754.0,9,9,7,3,9,9,9,95,LIGHT,"[10405, 80104, 20105, 90201, 70202]",EXTERNAL_CSV,0.9
755.0,9,9,5,5,9,9,8,93,MEDIUM,"[10307, 902, 20105, 201, 70103]",EXTERNAL_CSV,0.9
756.0,9,9,7,3,9,9,8,94,LIGHT,"[10403, 80104, 70201, 90201, 90202]",EXTERNAL_CSV,0.9
757.0,9,9,6,3,9,9,9,95,LIGHT,"[10304, 20105, 70201, 90202, 10301]",EXTERNAL_CSV,0.9
758.0,8,9,8,2,9,9,8,93,LIGHT,"[10401, 801, 80103, 20105, 90201]",EXTERNAL_CSV,0.9
759.0,8,8,8,2,9,9,8,92,LIGHT,"[10305, 80103, 80104, 20105, 70103]",EXTERNAL_CSV,0.9
760.0,9,9,6,2,9,9,8,94,LIGHT,"[10403, 20101, 20105, 10102, 70103, 90203]",EXTERNAL_CSV,0.9
761.0,9,9,6,3,9,9,9,95,LIGHT,"[10401, 20101, 20105, 70201, 10303]",EXTERNAL_CSV,0.9
762.0,9,9,6,3,9,10,9,96,LIGHT,"[901, 20201, 10101, 70103, 70201]",EXTERNAL_CSV,0.9
763.0,9,8,6,2,9,9,8,93,LIGHT,"[10401, 902, 20105, 10202, 702]",EXTERNAL_CSV,0.9
764.0,9,8,6,4,9,9,8,93,LIGHT,"[40104, 70201, 70202, 70102]",EXTERNAL_CSV,0.9
765.0,9,8,6,4,8,9,8,92,LIGHT,"[20105, 602, 70201, 70202, 10303]",EXTERNAL_CSV,0.9
766.0,9,9,7,3,9,9,8,94,LIGHT,"[80103, 20201, 20105, 70201, 10302]",EXTERNAL_CSV,0.9
767.0,9,9,7,2,9,9,8,94,LIGHT,"[10401, 70102, 801]",EXTERNAL_CSV,0.9
768.0,9,9,8,4,9,9,9,95,LIGHT,"[801, 10202, 80103, 70201, 70202]",EXTERNAL_CSV,0.9
769.0,9,9,8,3,9,9,9,95,LIGHT,"[10401, 10308, 80103, 80104, 20201, 70201]",EXTERNAL_CSV,0.9
770.0,8,9,7,2,9,9,7,92,LIGHT,"[40104, 10201, 10403, 80103]",EXTERNAL_CSV,0.9
771.0,9,9,7,3,9,9,8,94,LIGHT,"[10404, 80103, 20105, 10103, 70202]",EXTERNAL_CSV,0.9
772.0,8,9,6,6,8,9,8,92,MEDIUM,"[90201, 10201, 70202, 80101]",EXTERNAL_CSV,0.9
773.0,9,8,7,3,9,9,8,93,LIGHT,"[10402, 80104, 20105, 20203, 70201]",EXTERNAL_CSV,0.9
774.0,9,9,6,3,9,9,8,94,LIGHT,"[10304, 90201, 10403, 20105, 70201]",EXTERNAL_CSV,0.9
775.0,8,8,7,3,9,9,8,92,LIGHT,"[30305, 10403, 80102, 20105, 70201]",EXTERNAL_CSV,0.9
776.0,9,9,7,3,9,9,8,94,LIGHT,"[70202, 10101, 80103]",EXTERNAL_CSV,0.9
777.0,8,9,5,6,9,9,8,93,MEDIUM,"[10402, 20101, 10101, 90201, 70202, 10201]",EXTERNAL_CSV,0.9
778.0,9,9,6,2,9,10,9,96,LIGHT,"[10402, 20201, 20105, 10101, 90203]",EXTERNAL_CSV,0.9
779.0,7,8,6,6,8,9,7,89,MEDIUM,"[10308, 80103, 40104, 70102, 70201]",EXTERNAL_CSV,0.9
780.0,9,9,6,3,9,9,8,94,LIGHT,"[10404, 20103, 20203, 70201, 90202]",EXTERNAL_CSV,0.9
781.0,9,9,7,3,9,9,8,94,LIGHT,"[80102, 20105, 70201, 90201, 10302]",EXTERNAL_CSV,0.9
782.0,9,9,6,3,9,9,8,94,LIGHT,"[20105, 70202, 10101, 70103]",EXTERNAL_CSV,0.9
783.0,9,8,7,3,9,9,8,93,LIGHT,"[90201, 80102, 20105, 10101, 70102, 70201]",EXTERNAL_CSV,0.9
784.0,8,8,8,3,9,9,8,92,LIGHT,"[902, 80103, 80104, 70102, 70201]",EXTERNAL_CSV,0.9
785.0,8,9,8,2,9,9,9,94,LIGHT,"[80103, 80104, 20202, 70102, 10201]",EXTERNAL_CSV,0.9
786.0,9,9,6,2,9,9,8,94,LIGHT,"[10202, 90203, 20101, 70103]",EXTERNAL_CSV,0.9
787.0,9,9,6,3,9,9,8,94,LIGHT,"[10403, 90202, 20105, 70103, 70202]",EXTERNAL_CSV,0.9
788.0,8,9,6,4,9,9,8,93,LIGHT,"[10403, 40201, 10102, 70103, 70201]",EXTERNAL_CSV,0.9
789.0,8,8,6,2,9,9,7,91,LIGHT,"[10401, 20105, 90202, 30301]",EXTERNAL_CSV,0.9
790.0,8,8,6,3,9,9,8,92,LIGHT,"[40104, 10201, 20106, 70201]",EXTERNAL_CSV,0.9
791.0,8,8,6,3,9,9,8,92,LIGHT,"[10404, 902, 40104, 20105, 70201]",EXTERNAL_CSV,0.9
792.0,9,9,6,2,9,9,8,94,LIGHT,"[40104, 10402, 90202, 70102]",EXTERNAL_CSV,0.9
793.0,9,9,7,3,9,9,9,95,LIGHT,"[10401, 80103, 20105, 70101, 10101, 70202]",EXTERNAL_CSV,0.9
794.0,8,9,6,3,9,9,8,93,LIGHT,"[20101, 104, 20105, 10103, 70202]",EXTERNAL_CSV,0.9
795.0,9,9,6,3,9,9,8,94,LIGHT,"[10402, 20105, 10104, 70201, 90203]",EXTERNAL_CSV,0.9
796.0,9,8,7,3,9,9,8,93,LIGHT,"[10403, 80104, 20105, 10102, 70201]",EXTERNAL_CSV,0.9
797.0,9,9,6,3,9,9,9,95,LIGHT,"[20201, 60304, 10101, 90201, 70202]",EXTERNAL_CSV,0.9
798.0,9,9,6,5,9,9,8,94,MEDIUM,"[90202, 80103, 20105, 10102, 10202]",EXTERNAL_CSV,0.9
799.0,8,8,6,3,9,9,8,92,LIGHT,"[10401, 10402, 70103, 70201, 10302]",EXTERNAL_CSV,0.9
800.0,9,9,6,3,9,9,8,94,LIGHT,"[20105, 70202, 10101]",EXTERNAL_CSV,0.9
801.0,9,8,6,3,9,9,8,93,LIGHT,"[10402, 20105, 70103, 70201, 90202]",EXTERNAL_CSV,0.9
802.0,8,9,7,2,9,9,8,93,LIGHT,"[20101, 80103, 70103, 90201, 10302]",EXTERNAL_CSV,0.9
803.0,9,8,6,3,9,9,8,93,LIGHT,"[40104, 20105, 70103, 70201, 90301]",EXTERNAL_CSV,0.9
804.0,9,8,7,3,9,9,8,93,LIGHT,"[40104, 80104, 70201, 70103, 90201]",EXTERNAL_CSV,0.9
805.0,8,9,7,2,9,9,8,93,LIGHT,"[80104, 20105, 10101, 70103, 90202]",EXTERNAL_CSV,0.9
806.0,8,8,6,6,9,9,8,92,MEDIUM,"[10305, 80104, 20105, 20203, 70202]",EXTERNAL_CSV,0.9
807.0,9,9,7,2,9,9,8,94,LIGHT,"[10401, 80102, 20105, 10202, 702]",EXTERNAL_CSV,0.9
808.0,8,9,8,2,8,9,7,91,LIGHT,"[80103, 80104, 20105, 104, 70102]",EXTERNAL_CSV,0.9
809.0,9,9,6,3,9,9,8,94,LIGHT,"[10401, 40104, 20105, 70201, 10301]",EXTERNAL_CSV,0.9
810.0,9,9,6,3,9,9,8,94,LIGHT,"[20105, 10101, 70201]",EXTERNAL_CSV,0.9
811.0,8,9,6,2,9,9,8,93,LIGHT,"[10104, 20201, 101, 701]",EXTERNAL_CSV,0.9
812.0,8,9,7,2,9,9,8,93,LIGHT,"[10401, 80101, 60304, 70101, 10201, 10302]",EXTERNAL_CSV,0.9
813.0,9,9,6,6,9,10,9,96,MEDIUM,"[80103, 20105, 70201, 90202, 10302]",EXTERNAL_CSV,0.9
814.0,8,9,7,3,9,9,8,93,LIGHT,"[80104, 20105, 70201, 90202, 10302]",EXTERNAL_CSV,0.9
815.0,8,9,6,3,9,9,8,93,LIGHT,"[10403, 20103, 20201, 70201, 90201, 10302]",EXTERNAL_CSV,0.9
816.0,8,9,8,2,9,9,8,93,LIGHT,"[10306, 80103, 80104, 104, 70103]",EXTERNAL_CSV,0.9
817.0,9,9,8,2,9,9,8,94,LIGHT,"[10401, 80102, 80104, 20105, 10103, 70103]",EXTERNAL_CSV,0.9
818.0,9,8,6,3,9,9,8,93,LIGHT,"[20105, 70101, 70201, 10302, 10303]",EXTERNAL_CSV,0.9
819.0,9,9,6,2,9,9,9,95,LIGHT,"[10403, 104, 20105, 201, 90202]",EXTERNAL_CSV,0.9
820.0,9,8,7,3,9,9,8,93,LIGHT,"[801, 10401, 70201, 90203, 10302]",EXTERNAL_CSV,0.9
821.0,8,9,8,2,8,9,8,92,LIGHT,"[801, 80101, 70103]",EXTERNAL_CSV,0.9
822.0,9,9,6,2,9,9,8,94,LIGHT,"[10402, 20105, 90201, 10201, 70302]",EXTERNAL_CSV,0.9
823.0,9,9,6,3,9,10,8,95,LIGHT,"[70201, 90203, 10102]",EXTERNAL_CSV,0.9
824.0,9,9,6,3,9,9,8,94,LIGHT,"[10402, 20105, 90201, 70202, 10301]",EXTERNAL_CSV,0.9
825.0,8,8,6,4,8,8,8,90,LIGHT,"[70201, 90203, 40201]",EXTERNAL_CSV,0.9
826.0,8,8,6,3,9,9,8,92,LIGHT,"[10403, 90202, 40104, 70201, 10202]",EXTERNAL_CSV,0.9
827.0,8,9,7,3,9,9,9,94,LIGHT,"[801, 20105, 10101, 70102, 70202]",EXTERNAL_CSV,0.9
828.0,9,9,6,3,9,9,8,94,LIGHT,"[10202, 20201, 20105, 10201, 70202]",EXTERNAL_CSV,0.9
829.0,9,9,7,3,9,9,8,94,LIGHT,"[80104, 10401, 70202, 10201]",EXTERNAL_CSV,0.9
830.0,8,8,7,3,9,9,8,92,LIGHT,"[80102, 20105, 10104, 70201, 90203]",EXTERNAL_CSV,0.9
831.0,9,9,7,2,9,9,8,94,LIGHT,"[10402, 80104, 20105, 20201, 10104, 10302]",EXTERNAL_CSV,0.9
832.0,9,9,6,3,9,10,9,96,LIGHT,"[30305, 10401, 20101, 10101, 70202]",EXTERNAL_CSV,0.9
833.0,9,8,6,2,9,9,8,93,LIGHT,"[10402, 10403, 201, 20105, 90201]",EXTERNAL_CSV,0.9
834.0,9,9,8,3,9,9,8,94,LIGHT,"[80101, 80102, 70103, 70202, 90203]",EXTERNAL_CSV,0.9
835.0,8,9,7,3,9,9,8,93,LIGHT,"[10402, 80103, 401, 70103, 70202]",EXTERNAL_CSV,0.9
836.0,9,9,7,2,9,9,9,95,LIGHT,"[80102, 20105, 90203, 701, 702]",EXTERNAL_CSV,0.9
837.0,8,8,5,7,9,8,7,90,MEDIUM,"[501, 90201, 70202, 10201, 50303]",EXTERNAL_CSV,0.9
838.0,9,8,6,3,9,9,8,93,LIGHT,"[70201, 90203, 10403, 70301]",EXTERNAL_CSV,0.9
839.0,8,9,8,2,9,9,8,93,LIGHT,"[10402, 20101, 80103, 80104, 10201, 90202]",EXTERNAL_CSV,0.9
840.0,8,8,6,6,8,9,7,90,MEDIUM,"[80101, 20105, 10102, 10103, 70201]",EXTERNAL_CSV,0.9
841.0,9,8,7,2,9,9,8,93,LIGHT,"[10401, 80103, 20105, 90203, 10301]",EXTERNAL_CSV,0.9
842.0,9,8,6,3,9,9,8,93,LIGHT,"[10403, 20105, 70201, 70102, 90201]",EXTERNAL_CSV,0.9
843.0,9,9,7,3,9,9,8,94,LIGHT,"[10401, 20101, 80102, 20105, 70201]",EXTERNAL_CSV,0.9
844.0,9,8,6,3,9,9,8,93,LIGHT,"[20105, 90202, 10101, 70201]",EXTERNAL_CSV,0.9
845.0,9,8,6,3,9,9,9,94,LIGHT,"[70201, 90203, 10101]",EXTERNAL_CSV,0.9
846.0,9,9,6,3,9,9,9,95,LIGHT,"[20101, 40107, 70202, 10202, 701, 10302, 10303]",EXTERNAL_CSV,0.9
847.0,9,8,6,3,9,9,8,93,LIGHT,"[70201, 10402, 90203, 70103]",EXTERNAL_CSV,0.9
848.0,9,9,6,3,9,9,8,94,LIGHT,"[20105, 70202, 90203, 10302]",EXTERNAL_CSV,0.9
849.0,8,9,7,2,8,9,8,92,LIGHT,"[10306, 80104, 20105, 301, 60304]",EXTERNAL_CSV,0.9
850.0,9,9,7,2,9,9,9,95,LIGHT,"[10403, 80104, 10101, 90201, 90202]",EXTERNAL_CSV,0.9
851.0,8,8,7,2,9,9,8,92,LIGHT,"[80104, 20105, 40104, 90201, 10202]",EXTERNAL_CSV,0.9
852.0,8,8,7,3,9,9,8,92,LIGHT,"[10308, 80104, 40104, 70103, 70201]",EXTERNAL_CSV,0.9
853.0,8,8,6,3,9,9,8,92,LIGHT,"[40104, 20105, 70103, 70201, 10201]",EXTERNAL_CSV,0.9
854.0,8,8,6,3,9,9,8,92,LIGHT,"[10402, 20105, 70201, 70102, 90201]",EXTERNAL_CSV,0.9
855.0,9,9,5,7,9,9,8,94,MEDIUM,"[20106, 70103, 70201, 10302, 50303]",EXTERNAL_CSV,0.9
856.0,8,8,7,3,9,9,8,92,LIGHT,"[40104, 70201, 70102, 80104]",EXTERNAL_CSV,0.9
857.0,9,8,6,2,9,9,8,93,LIGHT,"[10401, 10402, 20101, 20105, 70102]",EXTERNAL_CSV,0.9
858.0,8,9,8,3,9,9,8,93,LIGHT,"[80101, 80103, 40104, 70202, 10202]",EXTERNAL_CSV,0.9
859.0,9,8,6,3,9,9,8,93,LIGHT,"[40104, 20105, 20106, 70201, 10202, 90203]",EXTERNAL_CSV,0.9
860.0,9,9,6,3,9,9,8,94,LIGHT,"[10401, 40104, 20105, 70201, 90201, 10303]",EXTERNAL_CSV,0.9
861.0,9,8,6,2,9,9,9,94,LIGHT,"[90202, 20105, 90201, 10202, 10302, 10303]",EXTERNAL_CSV,0.9
862.0,8,9,8,3,9,9,8,93,LIGHT,"[801, 802, 10101, 10103, 70202]",EXTERNAL_CSV,0.9
863.0,9,9,8,2,9,9,8,94,LIGHT,"[30305, 80103, 80104, 20105, 90201]",EXTERNAL_CSV,0.9
864.0,9,9,6,4,9,9,8,94,LIGHT,"[201, 40201, 10101, 70202, 90203]",EXTERNAL_CSV,0.9
865.0,9,9,7,3,9,9,9,95,LIGHT,"[10402, 80104, 70201, 90202, 10301]",EXTERNAL_CSV,0.9
866.0,8,9,5,7,9,8,7,92,MEDIUM,"[10306, 40104, 70102, 70201, 70202]",EXTERNAL_CSV,0.9
867.0,9,8,7,2,9,9,8,93,LIGHT,"[80102, 20105, 10103, 10101, 70103]",EXTERNAL_CSV,0.9
868.0,8,9,6,3,9,9,8,93,LIGHT,"[70201, 20105, 10302, 70103]",EXTERNAL_CSV,0.9
869.0,9,9,7,3,9,9,8,94,LIGHT,"[80101, 20105, 70101, 70102, 70202]",EXTERNAL_CSV,0.9
870.0,9,9,7,2,9,9,8,94,LIGHT,"[20101, 80103, 20105, 10101, 90203]",EXTERNAL_CSV,0.9
871.0,9,8,6,3,9,9,8,93,LIGHT,"[10402, 20105, 70102, 70201, 10301, 10302]",EXTERNAL_CSV,0.9
872.0,8,9,7,2,9,9,8,93,LIGHT,"[10402, 70102, 10302, 80103]",EXTERNAL_CSV,0.9
873.0,9,9,6,3,9,9,8,94,LIGHT,"[10401, 10402, 20105, 70201, 90203]",EXTERNAL_CSV,0.9
874.0,9,9,7,3,9,9,9,95,LIGHT,"[10402, 90202, 80104, 20105, 70202]",EXTERNAL_CSV,0.9
875.0,9,9,8,4,9,9,8,94,LIGHT,"[80103, 80104, 60201, 60301, 70101, 10101, 70201, 70202]",EXTERNAL_CSV,0.9
876.0,10,9,7,2,10,10,9,98,LIGHT,"[802, 20105, 90201, 90202, 702]",EXTERNAL_CSV,0.9
877.0,9,9,7,3,9,10,9,96,LIGHT,"[10402, 80102, 20105, 70202, 90203]",EXTERNAL_CSV,0.9
878.0,8,9,6,4,9,9,8,93,LIGHT,"[10401, 20105, 70102, 70201, 70202]",EXTERNAL_CSV,0.9
879.0,8,9,9,2,9,9,8,93,LIGHT,"[801, 80103, 80104, 70103, 30203]",EXTERNAL_CSV,0.9
880.0,8,9,6,2,9,9,8,93,LIGHT,"[20105, 20203, 80301, 10102, 30205]",EXTERNAL_CSV,0.9
881.0,9,9,8,3,9,9,8,94,LIGHT,"[10401, 80103, 80104, 70202, 10302]",EXTERNAL_CSV,0.9
882.0,8,8,7,2,8,8,8,90,LIGHT,"[40104, 20201, 80104, 10103, 70103]",EXTERNAL_CSV,0.9
883.0,8,8,7,2,9,9,8,92,LIGHT,"[10402, 80103, 70102, 90201, 10202]",EXTERNAL_CSV,0.9
884.0,8,9,6,6,9,9,9,94,MEDIUM,"[20101, 80104, 20105, 10101, 70202]",EXTERNAL_CSV,0.9
885.0,9,8,7,3,9,9,8,93,LIGHT,"[10401, 80104, 20105, 10101, 70201]",EXTERNAL_CSV,0.9
886.0,9,8,8,3,9,9,8,93,LIGHT,"[10402, 10403, 80101, 80102, 70201]",EXTERNAL_CSV,0.9
887.0,9,9,7,3,9,10,9,96,LIGHT,"[10401, 80104, 20106, 70201, 90203]",EXTERNAL_CSV,0.9
888.0,9,9,6,2,9,9,9,95,LIGHT,"[30305, 10403, 102, 20105, 702]",EXTERNAL_CSV,0.9
889.0,9,9,7,2,9,9,8,94,LIGHT,"[80104, 20105, 70103, 10104, 90202]",EXTERNAL_CSV,0.9
890.0,9,8,6,2,9,9,8,93,LIGHT,"[30305, 10402, 10403, 20105, 40202, 10202]",EXTERNAL_CSV,0.9
891.0,7,8,3,10,7,8,7,87,HEAVY,"[70201, 90202, 70102, 50303]",EXTERNAL_CSV,0.9
892.0,9,9,7,3,9,9,9,95,LIGHT,"[90201, 70201, 10404, 801]",EXTERNAL_CSV,0.9
893.0,9,9,6,3,9,9,9,95,LIGHT,"[30305, 10403, 20105, 70201, 10301]",EXTERNAL_CSV,0.9
894.0,9,9,6,3,9,9,8,94,LIGHT,"[10403, 20105, 70201, 90201, 10201]",EXTERNAL_CSV,0.9
895.0,9,9,7,2,9,10,9,96,LIGHT,"[10401, 30305, 80104, 20105, 10303]",EXTERNAL_CSV,0.9
896.0,8,8,7,3,9,9,8,92,LIGHT,"[10402, 70202, 80101, 70102]",EXTERNAL_CSV,0.9
897.0,9,9,6,4,9,9,8,94,LIGHT,"[20105, 10402, 70202, 70201]",EXTERNAL_CSV,0.9
898.0,8,8,8,3,9,9,8,92,LIGHT,"[801, 10306, 20101, 80103, 20105, 60301, 60304, 70201]",EXTERNAL_CSV,0.9
899.0,8,8,7,6,8,9,8,91,MEDIUM,"[801, 80101, 20105, 70201, 90202]",EXTERNAL_CSV,0.9
900.0,9,9,7,2,9,9,8,94,LIGHT,"[10104, 20105, 90203, 80104]",EXTERNAL_CSV,0.9
901.0,9,9,6,3,9,9,8,94,LIGHT,"[20105, 10101, 70102, 90201, 70202]",EXTERNAL_CSV,0.9
902.0,8,8,6,7,9,9,8,92,MEDIUM,"[80101, 20105, 70201, 10202, 50303]",EXTERNAL_CSV,0.9
903.0,8,9,6,3,9,9,8,93,LIGHT,"[60303, 70202, 70102, 10103]",EXTERNAL_CSV,0.9
904.0,8,9,6,3,9,9,8,93,LIGHT,"[10402, 40104, 20105, 60303, 70201]",EXTERNAL_CSV,0.9
905.0,9,9,6,3,9,9,9,95,LIGHT,"[20105, 70202, 10307, 902]",EXTERNAL_CSV,0.9
906.0,8,8,7,3,9,9,8,93,LIGHT,"[10403, 80104, 20105, 70102, 70202]",EXTERNAL_CSV,0.9
907.0,9,9,6,2,9,9,8,94,LIGHT,"[10401, 20105, 10302]",EXTERNAL_CSV,0.9
908.0,9,9,6,3,9,9,8,94,LIGHT,"[20105, 70201, 10101, 10201, 90202]",EXTERNAL_CSV,0.9
909.0,9,9,7,2,9,9,9,95,LIGHT,"[10402, 80103, 20105, 10101, 90203]",EXTERNAL_CSV,0.9
910.0,9,9,6,4,9,9,8,94,LIGHT,"[10401, 10403, 20101, 20105, 70201, 70202]",EXTERNAL_CSV,0.9
911.0,7,8,5,5,8,8,7,88,MEDIUM,"[40104, 10202, 10403, 70102]",EXTERNAL_CSV,0.9
912.0,9,9,7,3,9,9,8,94,LIGHT,"[10403, 80104, 20105, 10104, 90201, 70202]",EXTERNAL_CSV,0.9
913.0,8,9,8,3,9,9,8,94,LIGHT,"[80101, 80102, 20203, 10101, 70201]",EXTERNAL_CSV,0.9
914.0,9,9,7,3,9,10,9,96,LIGHT,"[80103, 20202, 20106, 70201, 10302]",EXTERNAL_CSV,0.9
915.0,9,9,6,3,9,9,8,94,LIGHT,"[70201, 70102, 10102]",EXTERNAL_CSV,0.9
916.0,8,9,8,2,9,9,9,94,LIGHT,"[80103, 80104, 20201, 20105, 10101]",EXTERNAL_CSV,0.9
917.0,9,9,6,4,9,9,9,95,LIGHT,"[70201, 70202, 10102]",EXTERNAL_CSV,0.9
918.0,9,9,7,3,9,10,8,95,LIGHT,"[80104, 20105, 10302, 70201]",EXTERNAL_CSV,0.9
919.0,9,9,6,3,9,9,9,95,LIGHT,"[20105, 10101, 70201, 10202, 90203]",EXTERNAL_CSV,0.9
920.0,8,9,8,3,9,9,8,92,LIGHT,"[80103, 80104, 104, 60302, 70201]",EXTERNAL_CSV,0.9
921.0,8,9,7,2,8,9,8,92,LIGHT,"[10202, 70101, 80103]",EXTERNAL_CSV,0.9
922.0,8,9,6,3,9,9,8,93,LIGHT,"[10304, 30305, 20105, 70102, 70201]",EXTERNAL_CSV,0.9
923.0,9,9,7,2,9,9,8,94,LIGHT,"[80102, 20105, 80202, 10101, 90203]",EXTERNAL_CSV,0.9
924.0,9,9,7,3,9,9,9,95,LIGHT,"[80104, 20201, 70201, 70101, 90201]",EXTERNAL_CSV,0.9
925.0,9,8,7,4,9,9,8,93,LIGHT,"[10402, 80101, 20105, 40201, 70202]",EXTERNAL_CSV,0.9
926.0,8,8,6,2,8,9,7,90,LIGHT,"[10402, 40107, 40206, 10103, 10201]",EXTERNAL_CSV,0.9
927.0,8,9,6,6,9,9,8,93,MEDIUM,"[90201, 10402, 20101, 80103, 20105, 70201]",EXTERNAL_CSV,0.9
928.0,9,9,6,3,9,9,8,94,LIGHT,"[10402, 20105, 70201, 90201, 10201]",EXTERNAL_CSV,0.9
929.0,9,9,6,3,9,9,8,94,LIGHT,"[104, 20105, 70201, 90201, 702]",EXTERNAL_CSV,0.9
930.0,9,8,6,3,9,9,8,93,LIGHT,"[20105, 10404, 70301, 70201]",EXTERNAL_CSV,0.9
931.0,9,9,7,3,9,9,9,95,LIGHT,"[90202, 901, 80104, 20105, 70202]",EXTERNAL_CSV,0.9
932.0,8,8,6,3,8,8,7,89,LIGHT,"[10305, 70201, 20105, 70103]",EXTERNAL_CSV,0.9
933.0,9,9,7,3,9,9,8,94,LIGHT,"[80101, 40104, 20105, 60201, 10102, 70202]",EXTERNAL_CSV,0.9
934.0,8,9,7,2,9,9,8,93,LIGHT,"[80104, 20201, 10102]",EXTERNAL_CSV,0.9
935.0,8,8,6,2,9,9,8,92,LIGHT,"[30305, 20101, 20105, 70101, 10303]",EXTERNAL_CSV,0.9
936.0,8,9,6,7,8,9,7,91,MEDIUM,"[801, 402, 70103, 70202, 50303]",EXTERNAL_CSV,0.9
937.0,9,9,6,2,9,9,8,94,LIGHT,"[10402, 20105, 90202, 10307]",EXTERNAL_CSV,0.9
938.0,8,9,7,3,9,9,8,93,LIGHT,"[801, 104, 20105, 70201, 90202]",EXTERNAL_CSV,0.9
939.0,9,9,7,2,9,9,9,95,LIGHT,"[10403, 80104, 20105, 10103, 90203]",EXTERNAL_CSV,0.9
940.0,9,9,7,3,9,9,8,94,LIGHT,"[80104, 20201, 70202, 10102]",EXTERNAL_CSV,0.9
941.0,8,8,5,6,8,9,8,91,MEDIUM,"[10402, 902, 40104, 20105, 70201]",EXTERNAL_CSV,0.9
942.0,9,9,6,3,9,9,9,95,LIGHT,"[60303, 90101, 70102, 90201, 70202]",EXTERNAL_CSV,0.9
943.0,8,9,7,2,9,9,8,93,LIGHT,"[10305, 902, 80104, 20201, 70103]",EXTERNAL_CSV,0.9
944.0,8,9,6,3,9,9,8,93,LIGHT,"[70201, 10402, 90202, 10101]",EXTERNAL_CSV,0.9
945.0,9,9,7,3,9,9,9,95,LIGHT,"[10402, 804, 902, 104, 70202]",EXTERNAL_CSV,0.9
946.0,8,8,6,2,9,9,8,92,LIGHT,"[20105, 10402, 10306, 70103]",EXTERNAL_CSV,0.9
947.0,9,9,7,3,10,10,9,97,LIGHT,"[10304, 80103, 20105, 70201, 90201]",EXTERNAL_CSV,0.9
948.0,8,8,6,2,9,9,8,92,LIGHT,"[10401, 20105, 90202, 70103]",EXTERNAL_CSV,0.9
949.0,8,9,6,2,8,9,8,92,LIGHT,"[902, 20105, 201, 40301, 10302]",EXTERNAL_CSV,0.9
950.0,9,9,7,3,9,9,8,94,LIGHT,"[10401, 80104, 20105, 70201, 90201]",EXTERNAL_CSV,0.9
951.0,9,9,7,2,9,9,8,94,LIGHT,"[80104, 20105, 20203, 10104, 90201]",EXTERNAL_CSV,0.9
952.0,9,9,7,2,9,9,8,94,LIGHT,"[80104, 20105, 90202, 10101]",EXTERNAL_CSV,0.9
953.0,9,8,7,3,9,9,8,93,LIGHT,"[20101, 80104, 20201, 70201, 90202, 10302]",EXTERNAL_CSV,0.9
954.0,9,9,7,3,9,9,9,95,LIGHT,"[10307, 80103, 20105, 70102, 70201]",EXTERNAL_CSV,0.9
955.0,9,8,7,3,9,9,8,93,LIGHT,"[80104, 20105, 40104, 90201, 70202]",EXTERNAL_CSV,0.9
956.0,8,9,7,2,8,9,8,92,LIGHT,"[60304, 10306, 104, 80103]",EXTERNAL_CSV,0.9
957.0,9,8,6,3,9,9,8,93,LIGHT,"[10401, 20105, 50101, 90202, 50303]",EXTERNAL_CSV,0.9
958.0,9,9,7,2,9,9,9,95,LIGHT,"[10401, 20105, 10101, 80103]",EXTERNAL_CSV,0.9
959.0,9,9,7,3,9,9,8,94,LIGHT,"[70201, 10202, 10403, 80101]",EXTERNAL_CSV,0.9
960.0,9,9,6,3,9,9,8,94,LIGHT,"[10401, 902, 201, 10103, 70201]",EXTERNAL_CSV,0.9
961.0,9,9,6,4,9,9,8,94,LIGHT,"[10402, 901, 20105, 70201, 70202, 70101, 90201, 90202]",EXTERNAL_CSV,0.9
962.0,8,8,7,3,9,9,8,92,LIGHT,"[10401, 804, 70102, 70202, 10302]",EXTERNAL_CSV,0.9
963.0,9,9,6,3,9,9,8,94,LIGHT,"[20101, 20105, 60302, 10101, 70202]",EXTERNAL_CSV,0.9
964.0,9,8,6,3,9,9,8,93,LIGHT,"[10402, 10403, 20101, 20105, 70201]",EXTERNAL_CSV,0.9
965.0,9,9,8,2,9,9,8,94,LIGHT,"[80101, 80102, 10302]",EXTERNAL_CSV,0.9
966.0,8,8,7,3,9,9,8,92,LIGHT,"[30305, 80101, 20101, 10105, 70202]",EXTERNAL_CSV,0.9
967.0,9,9,7,2,9,9,9,95,LIGHT,"[801, 10402, 20105, 60301, 601]",EXTERNAL_CSV,0.9
968.0,9,8,7,2,9,9,8,93,LIGHT,"[10404, 80102, 20105, 70103, 90202]",EXTERNAL_CSV,0.9
969.0,9,9,7,3,9,9,8,94,LIGHT,"[902, 80102, 20105, 70102, 70201]",EXTERNAL_CSV,0.9
970.0,9,9,6,3,9,10,9,96,LIGHT,"[10304, 20105, 70102, 70201]",EXTERNAL_CSV,0.9
971.0,8,9,6,3,9,9,8,93,LIGHT,"[20105, 70202, 10101, 10102, 70103, 10201, 10202]",EXTERNAL_CSV,0.9
972.0,9,9,6,3,9,9,8,94,LIGHT,"[10403, 20105, 10101, 70201, 90202]",EXTERNAL_CSV,0.9
973.0,9,9,6,3,9,9,8,94,LIGHT,"[10401, 40104, 20105, 10201, 70202, 90203]",EXTERNAL_CSV,0.9
974.0,8,9,6,3,9,9,8,93,LIGHT,"[40104, 70201, 10403, 10103]",EXTERNAL_CSV,0.9
975.0,8,9,7,2,9,9,8,94,LIGHT,"[10304, 20105, 70102, 80104]",EXTERNAL_CSV,0.9
976.0,9,9,7,3,9,9,8,94,LIGHT,"[10402, 80103, 20105, 90201, 70202]",EXTERNAL_CSV,0.9
977.0,9,9,6,2,9,9,9,95,LIGHT,"[60303, 20201, 10201, 70103]",EXTERNAL_CSV,0.9
978.0,9,9,7,2,9,9,8,94,LIGHT,"[801, 20105, 201, 90203, 702]",EXTERNAL_CSV,0.9
979.0,8,8,8,2,9,9,8,92,LIGHT,"[10306, 802, 80103, 40104, 60303]",EXTERNAL_CSV,0.9
980.0,8,9,7,2,9,9,7,92,LIGHT,"[10401, 801, 40104, 402, 70102]",EXTERNAL_CSV,0.9
981.0,9,8,6,3,9,9,8,93,LIGHT,"[10305, 10403, 70102, 70201]",EXTERNAL_CSV,0.9
982.0,9,8,7,2,9,9,8,93,LIGHT,"[90201, 10401, 10201, 80103]",EXTERNAL_CSV,0.9
983.0,8,8,6,3,9,9,8,92,LIGHT,"[70103, 10403, 30103, 70201, 10202]",EXTERNAL_CSV,0.9
984.0,9,9,6,2,9,9,9,95,LIGHT,"[10307, 902, 20103, 401, 10302]",EXTERNAL_CSV,0.9
985.0,9,9,8,2,9,10,9,96,LIGHT,"[80103, 80104, 20105, 70103, 90203]",EXTERNAL_CSV,0.9
986.0,8,8,7,2,8,8,7,89,LIGHT,"[10201, 20105, 70101, 80103]",EXTERNAL_CSV,0.9
987.0,9,9,6,3,8,9,8,93,LIGHT,"[10401, 40104, 70201, 90201, 10301]",EXTERNAL_CSV,0.9
988.0,8,8,6,3,9,9,8,92,LIGHT,"[70201, 20105, 10103]",EXTERNAL_CSV,0.9
989.0,8,9,6,3,9,9,9,94,LIGHT,"[10402, 10403, 10101, 10104, 70201]",EXTERNAL_CSV,0.9
990.0,9,9,7,3,9,9,8,94,LIGHT,"[80103, 20105, 70102, 70201, 10301]",EXTERNAL_CSV,0.9
991.0,9,9,6,3,9,9,8,94,LIGHT,"[90202, 20101, 40107, 70103, 70202]",EXTERNAL_CSV,0.9
992.0,8,9,6,4,9,9,8,93,LIGHT,"[70201, 10201, 501, 70103]",EXTERNAL_CSV,0.9
993.0,9,9,7,2,9,9,8,94,LIGHT,"[10402, 80103, 20105, 90201, 10303]",EXTERNAL_CSV,0.9
994.0,9,9,8,3,9,9,9,95,LIGHT,"[80103, 80104, 20105, 20201, 60302, 70202]",EXTERNAL_CSV,0.9
995.0,8,8,6,2,8,9,7,90,LIGHT,"[10402, 20101, 20105, 70103, 90201]",EXTERNAL_CSV,0.9
996.0,9,9,7,2,9,9,9,95,LIGHT,"[10401, 80101, 70103]",EXTERNAL_CSV,0.9
997.0,8,8,8,2,9,9,8,92,LIGHT,"[802, 10403, 80104, 20203, 10303]",EXTERNAL_CSV,0.9
998.0,8,8,7,3,9,9,8,92,LIGHT,"[101, 80104, 20203, 70201, 10202]",EXTERNAL_CSV,0.9
999.0,9,9,6,3,9,9,8,94,LIGHT,"[10402, 10403, 20105, 70103, 70201]",EXTERNAL_CSV,0.9
1000.0,9,9,6,3,9,9,8,94,LIGHT,"[20105, 70202, 10101, 10303]",EXTERNAL_CSV,0.9
